Name,EPI300_pCC1_ATF1_noAra,EPI300_pCC1_ATF1_iAAL
"(3R*,4R*,5R*,6S*)-[(3,5-Dimethyl-4,6-bis-((tert-butyldimethylsilyl)oxy)-1-cy...",26867,11232
(E)-2-(But-2-enyloxy)butan-2-one,76000,59741
"(E)-Deca-1,6-dien-3-one",35569,18688
"(S)-3,9-dimethyl 6-(1-methylethyl) (E)-5,8-decadien 1-ol",31480,37847
(Z)-3-Methoxy-1-(4-chlorophenyl)-1-(methylseleno)propene,9761,6213
.gamma.-1-Acetoxyethyl-1-methyl-c-2-isopropenylcyclobutane,19884,21920
0,14657,68141
"1'-Deoxy-1'-(phenylsulfonyl)methylene]-2',3'-isopropylidene-.beta.-D-ribofur...",18509,70920
"1,1,1-Trifluoro-4-ethoxybut-3-en-2-one",13723,14105
"1,2-Benzenediol, o-(4-methoxybezoyl)-o'-(5-chlorovaleryl)-",36161,459081
"1,5-Heptadiene-3,4-diol, 2-methyl-",232618,146216
"1-(3,5-Dibromo-4-hydroxyphenyl)-3,3-dimethylbutan-2-one",64768,7633
1-(3-Methylbut-2-enyloxy)butan-2-one,13463,49063
1-(p-Methoxyphenyl)-3-phenyloxy-4-oxoazetidine-2-N-benzylN-methylenenitrone,509041,45612
1-(Phenylsulphinylmethyl)cyclododecene,20836,10364
1-Allyl-cyclohexanol,21562,13547
"1-Butanol, 3-methyl-",9099000,7646242
1-Cyano-2-methylbuten-3-one,42117,37852
1-Decanol,2201615,1672708
"1-Methyl-3-(3,4-dimethoxyphenyl)-6,7-dimethoxyisochromene",139696,135713
1-Nonanol,264581,184160
1-Octanol,1356906,1383608
1H-Pyrrole-2-carboxaldehyde,37723,37741
"2,2-Dimethyl-3-(2-methyl-1-propyl)cyclobutanone",95900,229477
"2,3-Pentanedione",49111,58693
"2,4-Di-tert-butylphenol",5112389,7016737
"2,5-Dihydroxybenzaldehyde, 2TMS derivative",7269865,7034043
"2,6,10-Dodecatrien-1-ol, 3,7,11-trimethyl-",505943,579505
"2,6-dihydrobenzoic acid 3TMS",20730,753917
"2,7-exo-4,11,6-Dioxazatricyclo[6.2.1.0(2,7)]undec-9-ene-3,5-dione",10833,25429
2-13C-Methoxycyclohexane,39263,7416
2-Acetylthiazole,830233,814218
2-Butanone,4396690,3494633
"2-Heptanone, 4-methyl-",17236711,14509391
"2-Methyl-1,4-butanediol",238813,36378
2-Methyl-7-nitrobenzo[b]furan,10078,15678
2-Nitro-1-octanol,37459,17008
"2-Octanol, 2-methyl-",2372293,2068068
2-Pentadecanone,3709705,4373909
2-Propenoic acid,45163,20650
"2-Propenoic acid, 3-phenyl-, 2-methylpropyl ester",29876,80293
"2-Propenoic acid, methyl ester",19493,16019
2-Tetradecanone,1252551,1475718
2-Tridecanol,783834,635296
2-Tridecanone,9551262,9948668
2-Undecanone,3564840,3754450
"3,3,6-trimethyl-2-methylene-4-oxo-2,3-dihydrofuro[3,2-c]pyran",31397,31540
"3,3-dimethyl-2-phenylbutyl phenyl sulfone",11239,14949
3-(Hydroxymethyl)-1-phenyl-1-heptadecyn-3-ol,1734170,794218
"3-Acetyl-2-methyl-9b-(1-naphthyl)-3aH-benzo[e]cyclohexa[1,2-b]furan",57282,54041
3-Hexadecanone,200023,250564
3-O-Ethoxymethyl-17.alpha.-carboxymethyl-17.beta.-estradiol,101855,418123
3-Pentadecanone,67637,85301
3-Tetradecanone,166862,151313
"4,4-Dideuteriomethoxycyclohexane",30273,14548
"4,5,6,8-PTetramethoxy-2,3-dihydroindeno[1,2,3-ij]isoquinolin-9-ol",2159979,484365
4-(2-Naphthyl)-5-phenyl-4H-dibenzophosphole oxide,17660,56934
4-Methyl-3-propylpyrrolidin-2-one,23768,2758
5-(2'-oxopropyl)isoxazole,,
"5-Amino-1-methyl-1H-pyrazole-4-carboxamide, 3TMS",1882457,1875532
5-Chloro-3-(p-ethylphernyl)-2-nitrothiophene,119854,34146
5-{Ethoxycarbonyl}-N(1)-[3'-(N,18403,269352
"[1R*,5S*]-1-(Phenylsulfonyl)-2-oxo-3-oxabicyclo[3.1.0]hexane",1074,10114
Acetone,8696808,6600667
Acetophenone,529774,675912
anti-3-Methyl-5-methylenenon-2-en-4-ol,35851,34371
"Benzenemethanol, .alpha.-methyl-, propanoate",181760,191552
Benzoic acid,559641,530709
"Benzoic acid, 3-methyl-, methyl ester",64251,78350
Benzyl alcohol,3964301,4532253
cis and trans-3-(Fluorodimethylsilyl)cyclohexyl acetate,180243,367112
"cis-2-(2,2-Dichloroethyl)-3-methyloxetane",11661,12663
Cyclododecane,2302538,1545928
"Cyclohexasiloxane, dodecamethyl-",1617368,1090292
"Cyclooctasiloxane, hexadecamethyl-",416407,260635
Cyclopentadecanone,1869543,2084293
"Cyclopentasiloxane, decamethyl-",4828069,4695900
"Cyclotetrasiloxane, octamethyl-",9178407,7050747
Decanoic acid,225169,35624
dichloromethyl propyl sulfone,36643,18361
Didehydro-7-[(trimethylsilyl)oxy*]-9-ketoabietic acid - methyl ester,485785,455274
Dimethyl ether,54805472,52345810
Dodecanoic acid,419494,111990
"Dodecanoic acid, ethyl ester",603783,610784
"Ethanone, 1,1'-(1,4-phenylene)bis-",48329,50613
"Ethanone, 1-(2,4-dimethylphenyl)-",380034,385446
"Ethyl (2'-nitro-3'-oxo-6',7'-dihydro-3H,5H-benzo[ij]quinolizin-1'-yl)-cyanoa...",31125,279001
Ethyl 9-hexadecenoate,591454,634727
Ethyl Acetate,2802236,1484451
Formic acid,296540,211364
"Hexadecanoic acid, ethyl ester",309066,374007
Hydrogen isocyanate,553409,304660
Indole,91290735,97017738
Isophthalaldehyde,116431,109493
isopropyl(trans-2-methylcyclopentyl)isopropoxyborane,26420,30037
Lauryl acetate,586972,474981
"Methyl 5-[3,3-bis(trimethylsilyl)oxiran-2-yl]pentanoate",12591,9040
Methyl trifluoroacetate,283105,28904
Methylenecyclopropanecarboxylic acid,144931,179797
n-Decanoic acid,2052277,1814882
OCTADECAMETHYLCYCLONONASILOXANE,,
"Octasiloxane, 1,1,3,3,5,5,7,7,9,9,11,11,13,13,15,15-hexadecamethyl-",3770335,3943844
"Orthoformic acid, triisobutyl ester",5180082,4284144
p-Cresol,141129,180349
"p-Toluic acid, 3,4-dichlorophenyl ester",354542,368668
"PENTAN-1,3-DIOLDIISOBUTYRATE, 2,2,4-TRIMETHYL-",,
"Pentane, 2,2,4-trimethyl-",29822,24931
Phenol,142065,139525
Phenylethyl Alcohol,233783,109224
Propanoic acid,,2612940
"Propanoic acid, 3-chloro-, 4-formylphenyl ester",15974,18983
"Propanoic acid, decyl ester",127462,92485
"Propanoic acid, ethyl ester",3897536,2346372
rac-(+-)-2-(tert-Butylsulfonyl)pentyl acetate,314429,267831
S-Cyclopropyl Cyclopropanethiosulfonate,8949,15834
Thiazole,8820,5477
trans-1-Butyl-2-methylcyclopropane,,
"trans-2,4-Bis(tert-butyldimethylsilyl)-1,3-dithietan-1,1,3,3-tetraoxide",12978,1202444
"trans-2-(2-Ethenylcyclohexyl)-2-methyl-1,3-dioxolane",238664,41490
tris(Trimethylphosphane) rhodium chloride,20584,13702
(-)-1-methyl-2-norcaranone,,67496
"(+)-(1R,2R,3R,4S)-1,4-Tetrapyranyl-2,3-O-isopropylidenecyclohex-5-ene-1,2,3,...",,33260
(+-)-2-Acetylaminopentyl acetate,,42646
(+-)-2-Octylvinyl carbonate,15352,
(+-)-3-Hydroxy-2-methylenepentanoic acid,22200,
(+-)-Methyl 1-(1-chloro-2-phenyl-2-oxoethyl)-1H-tetrazole-5-carboxylate,23296,
"(+,-)-6,7,8,14-tetradehydro-4,5.alpha.-epoxy-3,6-dimethoxymorphinan-17-carbo...",,1110773
(-)-Lavandulol,,
(-)-Menthol Benzylsulfonate,36707,
"(1'RS,2RS,3'S,5'R)-[5'-((tert-Butyldimethylsilanyl)oxy)-3'-fluoro-2'-methyle...",40493,
"(1,1,2,3,3,3-hexafluoropropyl)cyclopentane",58546,
"(1,1-Dideuteriocyclopropyl)acetaldehyde",,
"(1R*,2R*)-Dimethylcyclopentan-1-ol",25653,
"(1R*,4S*,7S*)-7-Ethanoyl-3,3-dimethoxy-5-(2,5-dioxacyclopentyl)bicyclo[2.2.2...",,24360
"(1R,2R)-1,2-Dihydroxy-3-cyclohexene",33955,
"(1R,2R)-2,3-Dibenzyloxy-1-[2-(1,3-dioxolan-2-yl)]ethylpropyl methanesulfanate",32648,
"(1R,2R)-2-Aminomethyl-2-hydroxy-1,7,7-trimethylbicyclo[2.2.1]heptane",,36583
"(1R,2S)-1,2-Dimethoxy-1,2-diphenylethane",599692,
"(1R,2S,Sp)-N-(2-Iodoferrocenylmethyl)-N-methyl-1-methoxy-1-cyclohexylprop-2-...",,17339
"(1RS,5SR)-2,2,5-trimethylcyclopentane-1-carbaldehyde",,63770
"(1S,2S,6R)-6,8-Dimethyl-6-methoxytricyclo[3.3.0.0(2,8)]octan-3-one",,17942
"(1S,5S)-2-oxa-6-azabicyclo[3.3.0]octan-3-one",16455,
"(1S,6R)-6-Methyl-3-isopropyl-5-oxocyclohex-3-enecarbonitrile",287104,
"(2,2-Diiodo-1-methoxyethynyl)benzene",35996,
"(2,2-Dimethyl-6-hepten-3-yl)benzenesulfenic Acid O-ester",,18887
(2-(Hydroxymethyl)-3-allyl)trimethylsilane,39327,
"(2E)-1-O-Acetyl-3,7-dimethyl-2-octen-1-ol 6,7-epoxide",,6456
"(2R)-1,2-Dibenzyloxy-5-(1,3-dioxolan-2-yl)pentan-3-one",51082,
"(2R,3S)-{3-[4-[(Tetrahydropyran-2-yl)oxy]but-2(E)-enyl]oxiranyl}methanol",23308,
"(2R,4R)-2,4-dimethylhexan-1-ol",7935,
"(2R,4S,5R)-2-(.alpha.-Diazobenzyl)-3,4-dimethyl-2-oxo-5-phenyl-1,3-2.lamda.(...",,13698
"(2R,4S,5R)-2-Iodomethyl-5-methyl-4-hydroxytetrahydrofuran",,87486
"(2R,5R)-2-Isopropenyl-6-methylspiro[4.5]dec-7-en-6-ol",,4357
"(2R,5R)-2-tert-Butyl-5-(N,N-dimethylaminomethyl)-1-aza-3-oxabicyclo[3.3.0]oc...",87827,
"(2S)-2-Allyloxy-1,4-bis[(methanesulfonyl)oxy]butane",18925,
"(2S*,3R*,4S*,5S*)-3-[(S)-(2'-Methoxy-2'-phenylacetoxy)]-4-ethyltricyclo[4.2....",,451706
"(2S,3R,4E)-2-Aminoctadec-4-ene-1,3-diol [D-erythreo-Shingosine]",,131244
"(2S,3S)-3-Methoxy-2,4-dimethylpentanol",31119,
"(2S,3S,5R)-3-[Dimethyl(phenyl)silyl]-1-ethoxycarbonyl-2-benzyl-5-nonylpyrrol...",,14293
"(3R*,4R*)-3,4-Epoxy-7-hydroxy-1-phenylhept-1-yne",7687,
"(3R*,4S*)-2-(2-tert-Butyl-4-methyl-3-phenyl-1,2-oxazetidin-4-yl)-4,4-dimethy...",,117300
"(3R*,5S*,6R*)-3-Isopropyl-6-phenyl-5-(2,6-xylidino)-1,2,4-trioxane",18740,
"(3R,4S)-4-(Dimethylamino)-1-phenyl-1-penten-3-ol",,
"(3S,4R)-3,4-Dihydroxy-5-cyano-1-pentene",49947,
"(3S,4S)-Hept-1-en-6-yne-3,4-diol",176885,
"(4-Methyl-2-oxo-1,3-dioxol-4-en-5-yl)methyl 4-Nitrophenyl Carbonate",,12800
"(4aR*,7aR*)-3,4a,7,7a-Tetrahydro-3,3-dimethyl-6,7-diphenyl-7-oxacycxclopenta...",9370,
"(4E)-2,2,4-Trimethylhex-4-en-3-one",5311,
"(4E)-2,7-Dimethyl-4-octene-3,6-dione",,58972
"(4E,7S)-7-Methoxy-1-tetrahydropyranyloxy-4-dodecene",,10974
"(4R)-1,3-Thiazolidine-4-carboxylic acid",,4759
"(4R,6S)-2-Hydroxy-4,6-dimethyltetrahydropyran",,53230
"(4S,6S,1E)-3-(Acetoxymethylene)-6,7-dihydroxy-7,11-dimethyldodeca-1,10-dien-...",58103,
"(5,5-Dimethyl-1,3-dioxan-2-yl)-phenylmethanol",15894,
"(5S)-[(1S)-1,2-Dibenzyloxyethyl]-1-pyrroline N-oxide",,16220
"(5S,6R)-4,5-Dimethyl-6-phenyl-3,4,5,6-tetrahydro-2H-1,3,4-oxadiazin-2-one",30269,
"(6-Methyl-1,4-dioxaspiro[4,5]decan-6-yl)methanol",,3852
"(7Z,11Z)-Hexadecadienal",34570,
(Dimethylamino)ethyl methacrylate,,130602
"(E)-1,3-Bis(1-hydroxycyclohexyl)propene",94421,
(E)-1-(Hex-2-enyloxy)butan-2-one,30760,
(E)-1-Benzenesulfonyl-3-methyl-4-bromo-2-butene,,7878
(E)-1-butyl-2-butenyl Vinyl Ether,,99656
(E)-2-(1-Hydroxy-1-methylethyl)-2-(methylthio)thiolane 1-oxide,,11500
"(E)-2-(1-Hydroxy-2,2-dimethylpropyl)-2-(methylthio)thiolane 1-oxide",38486,
"(E)-2-(2-Methylpropylidene)-5,5-dimethylcyclopentanol",,29899
(E)-2-(But-2-enyloxy)-N-methoxy-N-methylacetamide,38021,
(E)-2-Tetradecen-1-ol,38264,
"(E)-3-Isobutylidenehexane-2,5-dione",,80368
"(E)-3-methyl-2,4-pentadien-1-ol",,
"(E)-5,5-Difluoro-4-hydroxy-2-dodecen-6-one",22663,
(E)-7-Dodecen-1-ol,,35744
"(E)-8-Bromoocta-1,5-dien-3-ol",,3488
(E)-Methacrolein oxime,200390,
(E)-Oct-2-en-4-one,84639,
"(E,Z)-6-Phenyl-5,11-didecadienal",7654,
(R)-(+)-4-Iodo[2.2]paracyclophane,,50504
(R)-1-(Methoxyethoxymethoxy)methyl-1-methyloxirane,554746,
"(R)-2-[3,3,3-D3]methylpropanoic acid",13171,
"(R)-4-Methyl-6-(phenylmethoxy)hexane-1,4-diol",10689,
"(R*,R*)-1,2-Cyclohexanedimethanol",,22143
"(R,R)-(+)-3-(2-Oxopyrrolidin-3-yl)butanoic acid",662822,
"(RS)-3,4-Dihydro-4-methyl-2-pyridone",176544,
(RS)-4-(tert-Butoxy)-3-methylbutanal,19401,
(S)-.alpha.-Isopropyl-.beta.-nitropropanenitrile,68214,
(S)-1-(2-Methoxyethyl)-3-aminopyrrolidine,,57271
(S)-2-Ethyl-5-oxotetrahydrofuran-2-carboxylic acid,94845,
"(S)-3,4-Dimethylpentanol",348081,
(S)-3-Amino-4-cyclohexyl-2-methylbutan-2-ol,50403,
(S)-3-tert-Butylperoxy-1-cyclohexene,559,
(S)-4-Aminobenzyl methyl sulfide,50897,
(S)-4-Hydroxypent-2-enal,,39578
"(S)-N-(2-Acetoxypropionyl)bornane-10,2-sultam",,36713
(tert-Butylsulfonyl)benzene,8974,
(tosyloxy)methyl 2-pyridinyl ketone,,3761
"(trans)-1,2,5-heptatriene",7612,
"(Z)-2,6,6-Trimethyl-.alpha.-(1-propenyl)-2-cyclohexane-1-methanol",,29755
"(Z)-3-Deuterio-N-(2-deuteriomethyl-3,3-dimethylbutyl)-2-methylallylamine",30928,
(Z)-4-aminocrotonic acid,,
(Z)-4-Hyroxy-2-butenamide,,13393
(Z)-5-hexenal oxime,,
.alpha.-(2-Amino-5-methoxy-3-methoxymethoxy-4-methylphenyl)-.alpha.-methylth...,,62446
.alpha.-(3-hydroxyphenoxy)acetophenone,364792,
".alpha.-Carboxy-.alpha.-methyl-.gamma.,.gamma.-dimethyl-.gamma.-butyrolactone",37402,
".alpha.-d-Mannofuranose, cyclic 2,3:5,6-bis(ethylboronate)",,18104
.alpha.-Isobutyl-.alpha.-(formylamino)acetonitrile,40332,
.alpha.-Methylbenzylnitrile,26504,
".beta.-1,5-anhydro-2,3,4,6-tetra-O-methyl-1-C-phenyl-D-glucitol",,36659
.beta.-Myrcene,,
.epsilon.-Methyl-.epsilon.-caprolactone,,306600
"1,1,1,3,5,7,9,11,11,11-Decamethyl-5-(trimethylsiloxy)hexasiloxane",,291619
"1,1,2,2,3-hexafluoro-4-decanone",,
"1,1,2,3-tetrmethylcyclobutane",65887,
"1,1-(Ethylenedioxy)-3-hydroxy-5-(methoxymethyl)-5-methylcycloheptane",,8691
"1,1-Bis(methylseleno)-3-phenyl-2-propene",,188638
"1,1-Dimethoxy-octane",,
"1,1-Dimethylethyl hexanoate",,12837
"1,1-Ethanediol, diacetate",,73469
"1,2,4-Triazin-3-amine, 5,6-dimethyl-",,
"1,2,6,8-Tetramethoxy-7-methyldihydrodibenzo[b,f]cyclohepten-5-one",404065,
"1,2-Ethanediol, monoacetate",506231,
"1,3,2-Dioxaborolan-4-one, 2-ethyl-5-methyl-",,234499
"1,3,5-Heptatriene, (E,E)-",9504,
"1,3-Benzenediol, monobenzoate",11222,
"1,3-Benzenediol, O,O'-di(2-methylbenzoyl)-",,41752
"1,3-Benzenediol, o-(2-furoyl)-o'-(2-methoxybenzoyl)-",31739,
"1,3-Benzenediol, o-(2-methoxybenzoyl)-o'-propargyloxycarbonyl-",27081,
"1,3-Benzenediol, o-(4-ethylbenzoyl)-o'-(3-methylbenzoyl)-",205212,
"1,3-Benzodioxole",736937,
"1,3-Bis(5-t-butylsilicyl)benzene",28278,
"1,3-diacetoxypropa-2-one",205820,
"1,3-dihydro-1-(p-nitrostyryl)isobenzofuran",78995,
"1,3-Dimethyl-3-(2-propyl)azetidine-2,4-dione",33718,
"1,3-Dimethyl-3-propylazetidine-2,4-dione",,163227
"1,3-Dioxane-2-propanol, 2-methyl-",,11972
"1,3-Dioxolane, 2-butyl-2-methyl-",251013,
"1,3-Dioxolane, 2-hexyl-",173596,
"1,3-DIPHENYL-1,3,5,5-TETRAMETHYL-CYCLOTRISILOXANE",,21930
"1,3-Diphenyl-1-((trimethylsilyl)oxy)-1(E)-heptene",,8365
"1,3-Propanediamine, N'-(ethylcarbonimidoyl)-N,N-dimethyl-",847613,
"1,3-Propanediol, 2-methyl-2-propyl-, dicarbamate",90966,
"1,4-Bis[2-[2-(dimethylamino)etoxy]ethenyl]benzene",,2154
"1,4-Butanediol",177142,
"1,4-Diazido-2,5-dimethylcyclohexane",14797,
"1,4-Dioxane-2,5-dione, 3,6-dimethyl-",,615592
"1,4-diphenylbut-3-ene-2-ol",46436,
"1,5-di[O-Acetyl]-2,3,4-tris(O-methyl)-xylitol",,7037
"1,5-Heptadiene, 2,6-dimethyl-",,64753
"1,6-Anhydro-2-chloro-.beta.,D-erythro-hex-3-enpyranose",2013,
"1,6-Di-O-(Ethoxyethoxy)pseudo-D-arabinopyranose [2,3-Dibenzyloxy-1-(ethoxyet...",135628,
"1,8a-Epoxy-1,2,3,4,4a,5,6,7,8,8a-decahydro-1,4a-dimethylnaphthalen-2-ol",,40020
1-(.alpha.-Hydroxybenzyl)cyclopentanol,70538,
"1-(1,3-Dimethyl-1H-pyrazol-4-yl)ethanone",1459963,
1-(1-Ethoxyethoxy)-5-pentanol,16232,
1-(2'-Methylphenyl)-1-pentene,,6619
1-(2-Aminophenyl)ethanone oxime,,18460
1-(2-Methylphenyl)pentan-1-one,841614,
1-(2-Thienyl)ethyl p-tolylsulfone,,7762
"1-(5-Methoxy-2,3-dihydro-1H-inden-1-yl)-3-hydroxypropan-1-one",,55395
1-(bistrifluoromethylamino-oxy)-1-methylcyclohexane,,70285
"1-(but-2'-ynoyl)-3,5-dimethylpyrazole",5182,
"1-(exo)-dimethoxymethyl-4,7-bis(trifluoromethyl)-1a,5,7a,7b-tetrahydro-1H-cy...",1858955,
"1-(Iodomethyl)-2,2-dimethylcyclopentane",65434,
"1-(Methoxyphenyl)-4-phenyl-1,2,4-triazoline-3,5-dione",15410,
"1-[(1-Methoxy-d(3)-2-methyl-1-propenyl)oxy]-1-(1,1-dimethylethyl-d(9))silacy...",,13289
"1-[1,2,4]Triazol-1-ylethanone",307339,
"1-[1-(Toluene-4-sulfonyl)-4,5-dihydro-1H-pyrrol-2-yl]but-2-en-1-one",29623,
1-Acetoxymethyloxyundec-10-ene,23144,
1-Acetyl-3-pentylbicyclo[1.1.1]pentane,,84840
"1-Acetyl-4,5-dihydro-1H-pyrazole",14103,
"1-Acetyl-4-(1,1-dimethyl-2-oxopropyl)cyclopentene",,7644
1-allylcyclopropanemethanol,,131127
1-Amino-1-ortho-chlorophenyl-2-(2-quinoxalinyl)ethene,,38953
"1-aza-3-oxa-2,4,4-triphenyl-cyclopent-1-ene",8266,
1-AZIDO-1-PHENYLETHYLENE,,
"1-Benzyloxy-2,6-dimethyl-8-(tetrahydropyran-2-yloxy)-(2E,6E)-2-octadiene",1771,
"1-BENZYLOXYMETHYL-1-HYDROXYMETHYL-2,5-CYCLOHEXADIENE",19354,
1-bromo-1-chloropentane,,
1-Bromo-2-azido-2-methylcyclohexane,,38430
"1-Butanol, 2-ethyl-",216912,
"1-Butanol, 3-methyl-, acetate",592993,
"1-Butene, 2,3-dimethyl-",,37620
"1-Chloro-3-methyl-1-[(2'-nitrobenzene)sulfinyl]-1,2-butadiene",9497,
1-Chlorooct-2-yl acetate,,
"1-Cyano-2,6-dimethyl-1,5-heptadien-3-ol",19282,
1-Cyclohexyl-2-methylbut-3-en-1-ol,125691,
1-Cyclopentyl-3-acetoxypropan-1-one,,89074
"1-D1-1,2,4-TRIAZOLE",65967,
1-Deuterio-2-cyclohexenyl acetate,11714,
1-Dotriacontanol,11942,
1-Hexadecyne,,67666
1-Hexanol,,229592
"1-Hexanol, 4-methyl-",,117774
"1-Hexene, 3,4-dimethyl-",,574465
1-Indanoyl pivalate,,
1-Isoquinolinecarbonitrile,,260874
1-Isothiocyanato-3-(methylthio)propane,,6519
"1-Methoxy-1,2-dimethylcyclobutane",,38691
1-METHOXY-1-(TRICHLORMETHYL)CYCLOPENTANE,,8946
1-METHOXY-1-(TRICHLOROMETHYL)CYCLOHEXANE,12184,
1-methoxy-1-aryl-2-propanones,,10345
1-METHOXY-BUT-2-YNE,,
1-METHOXYBICYCLO(3.2.1)OCTANE,155873,
1-Methoxycarbonyl-2-methylimidazole,74529,
1-Methoxyhexan-2-ol,,
1-methoxypentadecan-3-one,,100938
"1-Methyl-1-(2,3-butadienyl)hydrazine",12233,
1-Methyl-1H-6-methoxybenzotriazole,8245,
"1-Methyl-3,4-diamino-cyclohexane",20499,
1-Methyl-5-nitro-4-phenylsulfonylimidazole,,75184
"1-Methyl-6,8-dioxabicyclo[3.2.1]octane",,15307
1-Methylcyclopropanecarbaldoxime,,7365
1-Nitro-2-(but-3-enyl)cyclohexane,23518,
"1-O-Acetyl-2-azido-2,3,6-trideoxy-.alpha.-DL-ribo-hexopyranose",9933,
"1-oxa-2-methyl-2-((1,4-dioxacyclohex-2-yl)methyl)cyclobutane",,77771
"1-Pentene, 4,4-dimethyl-",,430637
"1-Propanol, 3-(methylthio)-",95156,
"1-Propanone, 1-phenyl-3-[2-(phenylmethoxy)phenyl]-",,122875
"1-Propene, 2-methyl-",217964,
"1-Propene, 3-fluoro-",318554,
1-pyrazolecarboxamide,,
"1-tert-Butyl-1,4-dihydro-4-(1-methylethyl)-5H-tetrazol-5-one",,
"1-Undecene, 4-methyl-",,428667
10-Methoxydec-8-yn-7-one,5485,
"10-Octadecenoic acid, methyl ester",54183,
10-Undecen-1-ol,124372,
"1H-1,2,4-Triazole-3,5-dicarbaldehyde",,11755
"1H-Indole, 2,3-dihydro-4-methyl-",56246,
"1H-Pyrazole, 4,5-dihydro-3-methyl-",,263427
"1h-pyrrole-3,4-dicarbonitrile,2,3-dihydro-5-methyl-",,4482
"2(3H)-Furanone, dihydro-5-propyl-",46333,
"2,2'-Bi-1,3-dioxolane",,294516
"2,2,4-Trimethyl-1,3-pentanediol diisobutyrate",,279374
"2,2,5,5-Tetradeuteriomethoxycyclohexane",4013,
"2,2,5,5-Tetramethylhexane-3,4-diol",244668,
"2,2,6,6-Tetramethylheptane",,22368
"2,2,6-Trimethyl-4H-1,3-dioxin-4-one",2525002,
"2,2-dichloro-1,1,1-trifluro-4-phenyl-3-pentanol",,41907
"2,2-diethyl-1-germa-2-silabutane",,
"2,2-dimethyl-1-nitropropane",,
"2,2-Dimethyl-3-(1'-methyl-1'-propenyl)cyclobutane-1-ethyl formate",29088,
"2,2-Dimethyl-5-(3-methyl-2,2-pentamethylenehexahydropyrimidin-1-ylmethylene)...",,39584
"2,2-Dimethylpropanoic anhydride",21841,
"2,3,3a,4,7,7a-Hexahydro-1H-benzimidazol-2-one",,6952
"2,3,4-Trimethyl-2-pentanol",412625,
"2,3,4-Trimethyl-5-hexen-3-ol",355301,
"2,3,5,7,15-Pentaacetoxy-8-(tigloyloxy)-9,14-dioxo-Jatropha-6(17),11(E)-diene",4108,
"2,3-bis(Methylamino)butanedinitrile",,128888
"2,3-dihydroxypyrazine",,36617
"2,3-Dimethyl-2,3-butanediol cyclic carbonate",4923,
"2,3-Dimethylsuccinodinitrile",65682,
"2,3-Pyridinedicarboxylic acid",,31890
"2,4,6-Cycloheptatrien-1-one, 2-hydroxy-",,914095
"2,4-dimethyl-4-formyl-2-butenolide",,271126
"2,4-DIONE-1,3-BENZODIOXAN",,25124
"2,4-Pentanedione, ion(1-), lithium",,1960641
"2,5-Anhydro-3,4,6-trideoxy-6-azido-D-iditol",14122,
"2,5-Dihydro-3,4-dimethylthiophene 1-oxide",20483,
"2,5-Dimethyl-2,2'-bistetrahydrofuran",,
"2,5-Dimethyl-4-vinyl-hex-5-en-2,3-diol",51872,
"2,5-Dimethylhexane-2,5-dihydroperoxide",4217153,
"2,5-Hexanediol, 2,5-dimethyl-",71511,
"2,5-Pyrrolidinedione, 1-methyl-",,103647
"2,6-Diisopropylfuran",36868,
"2,6-Dimethylhepta-1,5-diene-5,5-dicarbonitrile",48161,
"2,6-Octadien-1-ol, 3,7-dimethyl-, formate, (Z)-",74533,
"2,7-Epoxymegastigma-4,8(Z)-diene",60380,
"2,7-Octanedione",,1492074
"2,9-(2,2-Dimethylmethanepoxy)-1,6-dimethylbicyclo[4.4.0]decane",,29493
"2- and 4-(Trimethoxyacetoxy)-2,5,5-trimethyl-3-hexanone",45296,
2- butanone,,
"2-((1R,2S,5R)-Menthyl)tetrahydropyran",20503,
"2-(1-Propenyl)-2-n-butyl-1,3-oxathiane",22948,
"2-(2',2'-Dimethyl-1',3'-dioxan-4'-yl)-ethanol",12135,
2-(2-Methyl-3-oxobutyl)octanal,,8683
"2-(3'-bromo-1'-methylpropyl)-1,3-dioxolane",,29999
"2-(3'-cyanobutyl)-1H-isoindole-1,3(2H)-dione",,15399
2-(Dibromomethyl)tetrahydropyran,14114,
"2-(diphenylphosphinoyl)-5,5-dimethyl-1,3-dioxane",98359,
"2-(t-Butyl)-3-pivaloyl-1,3-oxazolidin-5-one",509536,
2-(Tetrahydropyran-2-yl)oxy-5-hexen-3-ol,195819,
2-(trans-2-Methyl-2-butenoxy)cycloheptene,48125,
2-[(1-Ethynyl-1-methyl-2-propenyl)oxy]ethanol,114717,
2-[(3-Butynyl)oxy]tetrahydro-2H-pyran,,3438
"2-[(E)-Buta-1,3-dienylmethyl]cyclohexylmethyl acrylate",78356,
2-[1-(1-Methylallyloxy)but-3-enyl]furan,,143796
"2-[1-(Methoxycarbonyl)azoethylidene]-5,6-dihydroimidazo[2,1-b]thiazol-3(2H)-one",1919,
2-[[4-Bromobut-2(E)-enyl]oxy]tetrahydropyran,17321,
2-acetamidoethanethiol,,174906
2-Acetonyl-2-hexyl-3-decenal,,16361
2-acetonylcyclooctanone,,
2-Acetoxy-tetrahydrofuran,63854,
2-Acetyl-2-methyltetrahydrofuran,131592,
2-Acetyl-5-methylthiophene,163971,
2-amino-3-furfuryloxybenzoic acid,37479,
2-Amino-5-fluoropyridine,,57784
2-Azabicyclo[3.2.1]octan-3-one,1016063,
"2-Benzoyloxy-1,2-bis(4-nitrophenyl)ethanone",,75968
"2-Butanone, 3-hydroxy-",,3636868
"2-Butanone, 3-methyl-",,3190366
2-carbomethoxy-bicyclo[2.2.1]heptane(exo),,
2-Chloro-2-fluoro-4-methyl-3-pentanone,,37046
"2-Chloro-3-hydroxy-2,4,4-trimethylcyclobutanone",,123323
2-Cyclopropyl-2-methyltetrahydrofuran,11250,
"2-Cyclopropyl-3,3-dimethylbutanoic Acid",,24247
2-Dimethylamino-3-cyano-5-methylhex-4-en-1-nitrile,48302,
2-Dodecanone,508484,
2-Ethoxy-2-methylpentane,,811275
2-Ethyl-1-butyl methylphosphonofluoridate,41200,
2-Ethylhexyl methacrylate,,727354
"2-Ethylthiolane, S,S-dioxide",,201513
2-Fluoro-1-(2-thienyl)ethan-1-one,,57823
"2-Fluoro-5-trifluoromethylbenzoic acid, propyl ester",,37592
"2-Fluorobenzoic acid, 4-nitrophenyl ester",,145442
2-Heptadecanone,53000,
"2-Heptanol, 2-methyl-",,243937
2-Heptanone,933651,
"2-Heptanone, 4,6-dimethyl-",,2785030
2-Hexanone,,448181
"2-Hydroxy-2,4-dimethyl-3-pentanone",,394410
"2-Hydroxy-3,5-dimethylcyclopent-2-en-1-one",,427156
"2-Hydroxy-5-methylcyclohepta-2,4,6-trien-1-one",200819,
2-Iodo-4-methylphenyl 1-allyl-2-methyl-2-cyclopentenecarboxylate,,259737
2-keto-butyric-acid,,4799
2-Methoxy-5-methylphenol,,1515632
"2-Methoxymethyl-5-trimethylstannylpyrrolo[1,2-c]pyrimidin-1(2H)-one",34917,
2-Methyl-1-cyclopentanol,173395,
"2-Methyl-2-(methylaminomethyl)propane-1,3-diol",23221,
2-Methyl-2-chloro-3-(chloromethyl)butyrolactone,37313,
2-Methylhept-6-en-3-one,,655181
2-Methylpropanoic acid,55496,
2-Methylpropyl-1-nitrile,26211,
2-Methylthiazole,,10523
"2-N,N-diethyl-ethylenediamino-4-fluoropyrimidine",,63111
2-Nitro-1-phenylpent-4-ene-1-one,22964,
2-Nitrocyclotridecanone,,
2-Nonanone,1845893,
2-O-methylbaeomycesic acid,15856609,
"2-Octanol, 2,6-dimethyl-",,
2-Octen-4-one,,
"2-Octenal, (E)-",26573,
"2-oxa-4-methylene-6-(methylethenylcarbonyloxy)-8-acetoxy-8,12-dimethyl-9,13-...",35870,
2-Oxetanone,138392,
"2-oxo-6-(dimethyl-t-butyl-siloxy)-3,5-methyleneoxy-bicyclo[2.2.1]heptane",,9085
2-OXOPROPIONAMIDE,53228,
2-Pentadecanol,410971,
2-Pentanone,4593551,
"2-Pentanone, 3-methyl-",,143375
"2-Pentyne, 5-methoxy-",10806,
2-Phenyl-2-isothiocyanatopropane,,29821
2-Phenylpropyl 2-phenylpropionate,,37874
"2-Propanamine, 2-methyl-",,427549
"2-Propanol, 1,1'-iminobis-",,
"2-Propanol, 1,1'-oxybis-",231486,
"2-Propanol, 2-methyl-",578391,
2-Propanone,,182378
2-Propenal,130583,
"2-Propenoic acid, 2-methyl-, methyl ester",6235,
2-Propyn-1-ol,,40154
2-Pyridinecarboxylic acid,67307,
"2-Pyridinecarboxylic acid, methyl ester",,3113
"2-tert-butoxy-3-methyl-5-(trimethylsilyl)cyclohexa-2,5-diene-1,4-dione",,8406
2-tert-Butoxytetrahydrofuran,,1352761
"2-Trifluoromethylbenzoic acid, 6-ethyl-3-octyl ester",,37738
2-Undecanol,227478,
2-Vinylfuran,,
"2H-Pyran-2-methanol, tetrahydro-",,130178
"2H-Tetrazole, 2,5-dimethyl-",,231560
"3(R)-fluoro-4-methyl-1,4-pentanediol",,193081
"3,3',5,5'-TETRAMETHYL-1,1'-BIADAMANTE",58604,
"3,3,4,4-Tetraethylhexane",,
"3,3-Bis(methoxymethyl)oxacyclobutane",168746,
"3,3-Diethoxy-1-propyne",,1068076
"3,3-dimethylpentane-2,4-dione",,
"3,3a,4,5,6,6a-hexahydro-3a-methoxy-4-methyl-3-(4-nitrophenyl)pyrrolo[2,3-d]-...",33856,
"3,4-(Methylenedioxy)toluene",,28969
"3,4-Dihydroxyphenylglycol, 4TMS derivative",,48641
"3,4-DIMETHOXY-1-PENTENE",,
"3,4-dimethylfuran",,160994
"3,4-hexanedione",,38835
"3,5,7-Trimethyloxepan-2-one",36633,
"3,5-Bis(trifluoromethyl)phenyl 1-phenylpropyl Sulfone",24801,
"3,5-Cycloheptadienone oxime",,104977
"3,5-Diamino-1,2,4-triazole",125442,
"3,5-Dimethylbutyrolactone",,
"3,7-Dioxo-4,8-dioxy-10-ethyl-1-tetradecene",107879,
"3-(1,1-Dimethylethyl)-5-(3,3-dimethyl-2-oxobutyl)-5-methyl-2-isoxazoline",,77595
3-(1-Benzimidazolyl)quinoline,,
3-(1-methylcyclohex-1-yl)-4-hydroxy-2(5H)-furanone,,77271
3-(1-Methylpyrrolyl)-3-azoacetone,38286,
"3-(1-phenylthio-2-hydroxy-butyl)-5-phenyl4,5-dihydroisoxazole",,10455
3-(2'-N-tert-Butoxycarbonylaminoethyl)cyclohex-2-en-1-one,2435207,
3-(4-Nitrophenyl)quinazolin-4(3H)-one,,81447
"3-(Chloromethyl)-1,1,2,2-tetramethylcyclopropane",64819,
"3-(Diphenylarsanyl)-2,3,4,4,5-pentaethyl-1,2,5-oxadiborolane",,11544
"3-(ethoxymethyl)-3,4,4-trimethyl-1,2-dioxetane",,105253
3-(Hydroxymethyl)cyclohex-2-en-1-one,16707,
3-(Methoxymethoxy)cyclohexene,,
3-(Methoxymethyl)-2-methyl-1-naphthonitrile,,646036
3-(o-Anisyl)-3-phenylpropenal,64413,
"3-(t-Butyl)-4,4-dimethyl-1-penten-3-ol",300858,
"3-[(N,N-Diethylamino)carbonyl]-5-methylpyrazole",6731,
3-azido-2-hydroxy-N-(4-nitrophenyl)propane-1-sulfonamide,10879,
"3-Buten-2-ol, 4-phenyl-",70497,
"3-Buten-2-one, 3-methyl-",,26782
"3-Butenoic acid, 2,2-dimethyl-",,12089
3-Butylisobenzofuran-1(3H)-one,55457,
3-cyano-1-methoxymethoxyhept-2-ene,118563,
3-Cyanooct-1-en-4-ol,6503,
3-Ethoxy-2-butanone,193378,
3-Ethyl-2-methyl-2-heptanol,144173,
3-Ethyl-2-oxotetrahydrofuran,,53534
"3-ethyl-4,4-difluoro-3-hydroxy-5-undecanone",,13641
3-Ethyl-4-methyl-3-heptanol,,307618
3-Ethyl-5-methyl-5-hexen-3-ol,,26554
3-ETHYL-PENTAN-2-OL,,
"3-Formyl-N-methyl-9-[phenylethynyl]dibenzo[2,3-a : 5,6-a'] (1,4)-thiazine",,2545376
"3-Heptanone, 2,4-dimethyl-",,
3-Hexanone,183747,
3-Hydroxy-4-(3-methybut-2-enyl)oxybutanoic acid,,19161
"3-Hydroxy-4-methoxybenzaldehyde, TBDMS",8001112,
3-Isopropyl-3-borabicyclo[3.3.1]non-6-ene,,17367
3-Isopropylpyrrolidin-2-one,,569907
3-Methoxy-2-propenal,,
3-Methyl-1(E)-3butadienyl tert-butyl sulfide,122330,
3-methyl-2-butenyl phenacyl ether[(prenyloxy)aceto-phenone],,18296
3-Methylbenzyl alcohol,,1226267
"3-Methylbut-2-enoic acid, 2-dimethylaminoethyl ester",456745,
"3-Methylene-3,4-dihydrocoumarin",,3685
3-Methylene-4-methylpentan-1-ol,,
"3-methylfuro[2,3-b]pyridine",,
"3-Oxa-7-thiatricyclo[3.3.0.0(2,4)]octane 7,7-dioxide",278306,
"3-Oxo-1,3-dihydro-1-isobenzofuranyl crotonate",,20020
3-Oxobutyramide,240570,
"3-Pentanol, 2,3,4-trimethyl-",,204882
3-Pentanone,36108,
3-Penten-2-one,,31272
"3-Penten-2-one, 3-methyl-",1783338,
3-Phenyl-3-m-tolylpropylamine,,13598
3-Quinolinecarbonitrile,224548,
3-t-Butoxycyclobutenone,,21551
3-t-Pentylcyclopentanone,,63434
3Z-3'S-gamma.-IRONE,,17156
"4,4-Dimethoxybutanal",54029,
"4,4-Dimethylpent-2-enal",,548004
"4,5-Diacetoxy-3-isopropylpentanal",,85860
"4,5-diazatricyclo[4.3.0.0(3,7)]non-4-en-8-one",,43258
"4,5-Dimethylocta-1,7-diene-4,5-diol",15454,
"4,7-Bis(trimethylsilyl)-4,7-dihydro[2.2]paracyclophane",25636,
"4,7-Dihydro-4,7-methanoisobenzofuran",,45773
4-(1-Ethoxyethoxy)-4-methyl-2-pentanone,,31888
4-(1-Methoxy-2-methylpropyl)pyridine,15704,
"4-(2',4'-dimethoxy-6'-propylbenzoyloxy)-2-hydroxy-6-pentylbenzoic acid",,18102195
4-(2'-methyltetrahydrofuran-2'-yl)butanone,5742,
"4-(3-Butyltetrahydro-2-furyl)-1,3-oxazolidin-2-one",,3618
4-(4-Nitrophenylazo)-N-ethyl-N-[2-(methacryloyloxy)ethyl]aniline,2749,
4-(benzoyloxy)-2H-pyran-3-one,,4311
4-(Bromomethyl)benzyl acetate,,
"4-(Phenylthio)-2,4-dimethyl-2-pentene",,38563
"4-Allyl-5,5-dimethylcyclohexane-1,3-dione",680,
4-amino-2-methylbutanoic acid,,
4-AMINO-4-METHYLPENT-2-ENOIC ACID,,
4-Azido-3-bromobenzene,23368,
4-Bromo-5-azidooctane,,24865
4-Chloropyridine,,
"4-Cyclohexyl-5,5-dimethylcyclohexane-1,3-dione",175719,
4-CYCLOPROPYLPYRIMIDINE,,
4-Ethyl-2-methylpyrrole-3-carbonitrile,53722,
4-ETHYL-4-PENTEN-1-OL,,
4-Ethylbenzoic acid,52675,
"4-Ethylene Ketal of t-5,c-10-Dimethyl-r-1H-bicyclo[5.3.0]dec-6-ene-4,8-dione",56694,
4-Fluoropyridine,9763,
"4-Heptanol, 4-methyl-",402573,
"4-Hexen-1-ol, 2-ethenyl-2,5-dimethyl-",,180169
"4-hydroxy-4-(trifluoromethyl)-2,5-cyclohexadien-1-one",24972,
4-Hydroxy-4-phenylcyclohexanone - ethylene ketal,198009,
4-hydroxy-6-methyl-5-(3-methyl-2-buten-1-yl)-2-pyrrone,50340,
4-Hydroxyvaleric acid,,22477
4-Isopropyloxazolidin-2-one,6926,
4-Methoxy-1-nonene,,
"4-Methyl-1-(2',4',5'-trimethylphenyl)pentan-1-one",,32425
4-Methyl-2H-pyran,111701,
"4-Methyl-9-oxo-8-oxa-3,5-nonanothiazole-3-ium bromide",20481,
4-n-Propylindan,,
4-nitrophthalamide,,
4-Picolyl butyl ether,,
4-Pyridinecarboxamide,113781,
4-Quinolinecarboxaldehyde,39198,
4-Quinolinol,,
4-Vinylbenzoic acid,,
5'-O-Butyryl-.alpha.-thymidine,,33597
"5,12-Dicyano-7,14-dimethyl-7,14-diaza-2,9-dioxatricyclo[8.4.0.0(3,8)]tetrade...",,13754
"5,5-Dimethyl-1-oxaspiro[5.5]undec-2-ol",9408,
"5,6-Dihydrobenzo[c]phenanthridin-6-one",58253,
"5,7-Epoxy-5H-naphtho[1,8a-b]furan, 2-propenoic acid deriv.",8136,
5-(1-Methyl-1-methoxyethoxy)-1-tetrahydropyranyloxypentene,105468,
5-(tert-Butoxycarbonyloxy)-2-(1-buten-3-yl)phenol,,8306
5-Acetyl-2-methylpyridine,89059,
"5-Amino-2-phenyl-4-[4'-(N,N-dimethylamino)phenyl]-7-(pyrrolidin-1'-yl)-1,6-n...",,154479
5-carboxymethyl-6-methyluracil,,
"5-Chloro-6,6,6-trifluoro-2,2-dimethyl-4-hexen-3-one",,337916
"5-Decen-1-ol, acetate, (E)-",1544404,
5-ethyl-2-phenyloxazole-4-carboxylic acid,,54295
5-Hexen-3-one,169262,
"5-hydroxy-1,2-pentadiene",10983,
"5-hydroxy-1-deutero-1,2-pentadiene",38743,
5-Iodopentan-2-one,,
"5-isopropyl-1,3,6-cyclooctatriene",,12986
5-Isopropyl-2-methylpyrrole-3-carbonitrile,,34937
"5-methoxy-1,2,3-trimethylbenzene",,
"5-Methyl-5-( 2'-propynyloxy)-1,2-octadien-7-yn-4-one",56863,
5-methyl-5-nitro-2-hexanone,,
"5-oxo-5,6-secocholest-3-en-6-oic acid",48665,
5-Propyltetrahydropyran-2-one,31077,
5-{Ethoxycarbonyl}-N(1)-[2'-(N,,61731
"5.18 Pyrazine<2,5-dimethyl->",1943295,
"6,7-Bis(hydroxymethyl)-3-thiabicyclo[3.2.0]heptane 3,3-dioxide",21145,
"6,7-Dimethoxy-2-methyl-3,4-dihydro[1-D]isoquinolinium ion",,199488
"6,7-Dimethylquinoxaline",8427,
"6-(2,3-Dimethylpropyl)-2,5-dimethylpyrazine",,62536
"6-(Benzyloxy)-1,2,3,4-tetrahydro-1-(p-hydroxyphenethyl)-7-methoxy-2-methyl-i...",,2034785
6-Deuterio-3-ethyl-5-methylidenehexane-3-ol,,97306
"6-Ethyl-5,6-dihydrouracil",,44928
6-Iodo-1-octene,42427,
"6-Methyl-2,6-heptadienal",,
6-methyl-3-deuteriohept-5-en-2-one,,
6-Methylbenzimidazole-2-sulfonic acid,46252,
6-n-Butyltetrahydropyran-2-one,11711,
"7,7-Dimethyl-6-phenyl-2,4,5-octatriene",,7559
"7,7-Dimethylnorborn-5-en-2-one",,109039
"7-(R,S)-Hexyloxepan-2-one",,17420
7-hydroxydodecan-1-yl acetate,,
"7-Methoxy-2,3-bis(methoxycarbonyl)-1-(2-chloro-4-pyridyl)-6-(cyclopentyloxy)...",18272,
"7-METHYL-3-TRIFLUOROMETHYLOCTA-1,6-DIEN-3-OL",,57671
7.ALPHA.-METHACRYLOYLOXY- OR -TIGLINOYLOXY-9.BETA.-METHACRYCOYLOXY-OR -TIGLI...,21074,
"8-(R,S)-Hexyloxocan-2-one",,78735
"9,10-dihydro-9-tert-butyoxy-10-[.gamma.-(spirobutyro-.gamma.-lactone)anthracene",,959081
"9-(2',3'-dideoxy-.beta.-D-glucopyranosyl)-adenine",,61363
9-Hydroxyinalool,64468,
"9-Octadecenoic acid, ethyl ester",,89035
[(acetonyloxy)methyl]-15-crown-5,144818,
[(E)-1-butyl-2-hex-2-enylidene]cyanamide,287066,
[(N-1-Chloroprop-2-en-2-yl)aminomethyl]benzene,,15606
"[1-13C,18O]-Glycerol",,5035
"[1R-(1.alpha.,2.alpha.,6.alpha.)]3,7,7-Trimethylbicyclo[3.1.1]hept-3-ene-2-t...",56716,
"[3-Amino-1,2,2-trimethylcyclopentyl]methyl acetate",53183,
[5-methyl-3-(3-butenyl)]isoxazole,,
Acetic acid,3703151,
"Acetic acid, butyl ester",,356363
"Acetic acid, decyl ester",,402233
"Acetic acid, dodecyl ester",7766,
"Acetic acid, nonyl ester",371860,
"Acetic acid, phenylmethyl ester",,120739
Acetonitrile-d3,102682,
acetonyl decyl ether,,22231
"Acetophenone, 4'-amino-",,220601
ACETOXY-DIHYDRORAMULOSIN,,
Acetylacetone,,632612
Allyl 2-methylbutyrate,,159268
Allyl Butyl Ether,145639,
"anti-4-Ethoxy-4,5-dihydro-5-methoxy-5-methyl-2(3H)-furanone",64322,
Benzaldehyde,,1930574
"Benzaldehyde, 3-ethyl-",,285723
Benzene,1157785,
"Benzene, 1,3-bis(1,1-dimethylethyl)-",,3296194
"Benzene, 1,3-dimethyl-",81669,
"Benzene, 1-(1,1-dimethylethoxy)-3-methyl-",,50330
"Benzene, [(cyclohexyloxy)methyl]-",5823,
"Benzene, isocyanato-",42758,
"Benzenemethanol, 4-methyl-",1058789,
"Benzofuran, 2-methyl-",,55872
"Benzoic acid, 2,5-bis(trimethylsiloxy)-, trimethylsilyl ester",30529,
"Benzoic acid, 4-methyl-",,39452
"Benzoic acid, methyl ester",1284570,
"Benzonitrile, 4-(chloromethyl)-; 3-Cyanobenzylchloride; 4-(Chloromethyl)benzonitrile #",38326071,
"Benzonitrile, 4-ethenyl-",,41712
Bicyclo[2.1.0]pentane,,
Bicyclo[2.2.2]oct-5-en-2-one,13018,
"Bicyclo[3.2.0]hepta-2,6-diene",,4519475
Bicyclo[4.3.0]non-8-en-7-one,,
Bicyclo[6.1.0]non-1( 8)-en-9-one,,23775
Bis(1-norbornyl)mercury,37783,
"Bis(3,4-dimethoxycinnamoyl)-L-tartaric acid",7829317,
Bis(4-methylpiperazin-1-yl)methane,1404148,
"Bis[1,2;4,5-Di-O-Isopropylidene-3-C-hydroxy-.beta.,D-psicopyranose]methane",,132154
"Bis[6-(4-methylanilinomethyl)-1,2,4-triazolo[3,4-b]-1,3,4-thiadiazol-3-yl)et...",,82137
Butanal,14990,
"Butane, 1-chloro-",930664,
"Butane, 2-isocyanato-",62576,
"Butane, 2-methoxy-2-methyl-",200598,
"Butanenitrile, 2-hydroxy-3-methyl-",,467516
Butanoic acid,,138988
"Butanoic acid, 2-methylcyclohexyl ester, cis-",92951,
"Butanoic acid, 3-methyl-",250497,
Butyl butenyl ether,,
Butyl trifluoroacetate,97751,
"Carbonic acid, butyl 3,4-dimethylphenyl ester",,46451
"Carbonic acid, monoamide, N-propyl-, benzyl ester",82192,
Chromafenozide,4202080,
Chromonar,,
"cis-1,2-Di(1-methylethyl)cyclopropane",,80628
cis-1-Cyclopropyl-3-methyl-1-butene,,36281
cis-2-[Bis(4-bromophenyl)methyl]-N-[3-(4-methoxyphenyl)methyl]-1-azabicyclo[...,50151,
"cis-2-Bromomethyl-5-tert-butyl-1,3-dioxane",,23555
cis-2-Carbomethoxy-4-[(1-chloro-1-methyl)ethyl]terahydrofuran,67674,
"cis-3,4,5-Trimethoxy-7-phenyl-8-trimethylsilyl-7-trimethylsilyloxybicyclo[4....",,118179
cis-3-[(1Z)-Butenyl]-2-vinyltetrahydrofuran,7084,
"cis-4-Methylcyclohex-3-ene-1,2-diol",,107360
"cis-5-Methoxy-6-methyl-1,4-dioxepane",,6408
CROTONIC ANHYDRIDE,53302,
Cyanopyrazine,1015352,
"Cyclobutane, 1,1,2,3,3-pentamethyl-",,260225
"Cyclobutanone, 2,3,3-trimethyl-",,36296
"Cycloheptasiloxane, tetradecamethyl-",1068396,
"Cyclohexane, 1,2-dimethyl-, cis-",,1039506
cyclohexanecarbaldehyde trimethylene acetal,,
"Cyclohexanone, 3-methyl-",17985,
"Cyclohexene, 1-methoxy-",39497,
"Cyclononasiloxane, octadecamethyl-",260134,
Cyclooctylhydroperoxide,,111613
"Cyclopentane, 1-ethyl-2-methyl-",208753,
cyclopentanecarbonitrile,,
"Cyclopentanone, 2,4,4-trimethyl-",1272444,
Cyclopropane,161842,
Cyclopropylmethyl cyclopropane-1-carboxylate,6412,
"Cyclotrisiloxane, hexamethyl-",325105,
Dec-1-en-4-ol,14720,
Di(N-piperidinyl)methane,,557008
"diethyl 2,6-dimethyl-4-(3-pyridazinyl)-1,4-dihydropyridine-3,5-dicarboxylate",17836,
Diisobutyl cellosolve,131838,
"Dimethyl 1,3,3-trimethylcyclobutan-1-ol-2,4-dicarboxylate",2402,
"dimethyl 2,4a-dihydro-5-methyl-4a-(1-propenyl)-5H-pyridazino[4,5-b]indole-1,...",,5887
"Dimethyl 2-hydroxy-3-methylbutane-1,4-dioate",,18378
Dimethyl Sulfoxide,136523,
dispiro[3.0.3.3]undecane-9-one,47885,
"Disulfide, dihexyl",85100,
"Disulfide, dimethyl",8622641,
"DL-2,3-Butanediol",156891,
E-Citral,,
ENDO-2-AMINO-9-OXABICYCLO(3.3.1)NON-6-ENE,109411,
"endo-8,8,9-Trimethyl-1,10-diazatetracyclo[7.3.0.2(2,6).0(3,5)]dodeca-9,11-diene",,50015
"Ethanamine, 2-(methylseleno)-",498614,
"Ethanamine, N-methyl-",,
"Ethanol, 2,2'-oxybis-",,48148
"Ethanol, 2-(3,3-dimethylcyclohexylidene)-",147591,
"Ethanone, 1-(2,3,4-trimethylphenyl)-",105839,
"Ether,1- propenyl propyl",592691,
Ethyl 2-Nonylacrylate,91779,
Ethyl 2-oxirane-2-acetate,27619,
"Ethyl 4-(chloromethylene)-2,2-diphenyl-3-oxazoline-5-carboxylate",423285,
Ethyl 4-(ethyloxy)-2-oxobut-3-enoate,,21036
Ethyl 4-Methylheptanoate,565046,
"Ethyl 4-oxo-5,5-dimethylhexanoate",,
Ethyl 9-tetradecenoate,1062241,
Ethyl amino(phenyl)acetate,1442352,
Ethyl phenoxyacetate,,9601
Ethyl vinyl sulfone,,30111
Ethylene glycol monoisobutyl ether,143501,
Exo-2-acetamido-7-iodobicyclo[2.2.1]heptane,,9840
exo-3-(Phenylsulfonyl)bicyclo[3.2.1]octan-8-one,116756,
"exo-Tetracyclo[4.4.1.1(2,5).0(7,10)]dodeca-3,8-diene",11008,
Farnesol,,
Formamide,38400,
"Formic acid, 2-methylpropyl ester",240226,
Fumaronitrile,,648402
"Furan, 2,3-dihydro-4-methyl-",212281,
"Furan, tetrahydro-2,2,5,5-tetramethyl-",2498631,
Guanidine carbonate,42386,
"Heptan-2,3,6-trione",33420,
"Heptane, 3-ethyl-2-methyl-",,218442
"Heptane, 4-methyl-",552149,
"Heptasiloxane, 1,1,3,3,5,5,7,7,9,9,11,11,13,13-tetradecamethyl-",,611010
"Heptasiloxane, hexadecamethyl-",,
Hexanoic acid,,425003
"Hexanoic acid, 5-oxo-, methyl ester",129673,
"Hexanoic acid, methyl ester",,389099
"Hydrazine, 1,1-dimethyl-",526961,
Hydrazino(3-phenylsydnon-4-yl)methanone oxime,9550,
Imidazolidin-2-ylidenenitrosoamine,,12916
Isobutyl acetate,,238396
Isobutyl formate,,172390
isobutyrylcarnitine oxylactone,,12739
"Isopropyl 3,7,11-trimethyl-11-methoxy-2-.xi.-dodecenoate",46551,
"Isopropyl O-(isobutoxycarbonyl)-2,3,4-trideoxy-4-methyl-.alpha.-D-erythro-he...",594464,
L-Proline,,114784
Luteinone - Hydroxy Derivative,,410990
"meso-4,6-Dimethyl-2-(1'-ethoxycarbonylmethylene)-1,3-dioxane",43987,
meso-Diaminopimelic acid,,43381
"Methane, dimethoxy-",52937,
"Methane, isocyanato-",248294,
"Methane, sulfinylbis-",,91344
Methoxycyclopentaneacetonitrile,38939,
"Methyl (1R,4R)-2-Formyl-1-hydroxy-4-methyl-2-cyclopentenecarboxylate",,29931
Methyl (2-exo-isobutyryl)bicyclo[2.2.1]hept-5-ene-3-exo-thiocarboxylate,,4644
"Methyl (2R)-2-[(tert-Butoxy)carbonylamino]-5,5-dimethyl-5-silahexanoate",,6801
"Methyl (2RS,3SR,4RS)-2-phenyl-4-(phenylseleno)tetrahydro-3-furancarboxylate",15141,
"Methyl (2RS,5R,6R,1'RS,2'S)-2-(1'-Acetoxy-2'-tetrahydropyranyloxyprop-1'-yl)...",,5315
Methyl (E)-4-Hydroxy-6-methoxy-2-hexenoate,21700,
Methyl (N-benzyloxy)suberoylamide,,38174
methyl 1-hydroxycyclopentane-1-carboxylate,,86692
Methyl 2-benzyl-4-(methylsulfanyl)-3-butenoate,,13186
Methyl 2-Butenyl Ether,26902,
"Methyl 2-chloro-4-[(5,6,7,8-tetrahydro-5,5,8,8-tetramethyl-2-quinoxalinyl)ca...",,42716
"Methyl 3,4-O-Isopropylidene-(-)-Shikimate",,139175
Methyl 3-((aminocarbonyl)amino)-2-cyano-3-phenylpropenoate,,4776
"Methyl 3-(1.alpha.-hydroxyethyl)-1,2,3,4,6,7,12,12b-octahydroindolo[2,3-a]qu...",,89013
Methyl 3-hydroxy-2-(p-toluenesulfonyloxy)methyl-10-tetrahydropyranyloxydecan...,19433,
Methyl 4-trifluoromethyl-3-(2-chlorophenyl)-1H-pyrrole-2-carboxylate,471364,
Methyl 7-oxohexahydro-8A(1H)-indolizidinecarboxylate,,13903
"Methyl ester of 2S-(1,2,3,4,4a,5,6,7,8,8a.alpha.-Decahydro-1.alpha.,5.beta.-...",,6137
Methyl ester of 3-methyl-1-phenylpyrazole-4-carboxylic acid,6138,
Methyl ester of cis-2-Chlormethyl-tetrahydrofuran-3-carboxylic acid,24580,
methyl hydroxycarbamoyldiazirine-3-carboxylate,96350,
Methyl Isobutyl Ketone,1219293,
methyl monoterpenyl succinate,4985,
Methyl N-[(4'-hydroxyphenyl)acetyl]fumarate-amide,,53195
Methyl p-(2-hydroxyethyl)benzyl sulfoxide,,13479
Methyl propargyl ether,193257,
"methyl tetradeca-10,11-dienoate",,
"methyl tetradeca-12,13-dienoate",,
Methyl threo-16-acetoxy-9(10)-iodo-10(9)-nitratohexadecanoate,11679,
Methylene chloride,176035,
Myristoleic acid,,936400
N'-(Iodotetrafluoroethoxytetrafluoroethyl)sulfonyl-N-(diethylamino)cyclopent...,8870,
"N,2-Dimethyl-2-nitropropylamine",,
"N,N'-Dicyclohexyl-N,N'-diisopropyloxomalonamide",17430,
"N,N,N',N'-Tetracyclohexyloxomalonamide",,2647
"N,N-diethyl-2-(2-(2-phenylethylcarbonyl)phenoxy)ethamine",5701,
"N,N-Diethyl-3-(2-pyridyl)-3-oxo-propionamide",1837,
"N,N-Dimethyl-2,2-bis(1'-naphthyl)acetamide",76205,
"N-(1'-Ethyl-4'-piperidinyl)-2-methoxy-5-[N-methyl-N-(4""-toluenesulfonyl)amin...",82663,
"N-(1,1,3,3-Tetramethylbutyl)bis(trifluoromethyl)sulfin-imide",,20181
N-(2'-Phenyl-4'-penten-1'-oxy)-4-(p-methoxyphenyl)thiazole-2(3H)-thione,18900,
N-(But-2-enoyl)prop-2-enamide,158656,
"N-(Tosylmethyl)-2,2-dimethylpropanamide",114471,
N-1-(2-AZIDO-2-METHYLPROPYLIDENE)T-BUTYLAMINE,,181433
"N-[(2E),(1S)-1-(3-Methylpropyl)hexa-2,5-dienyl](tert-butoxy)carboxamide",,32851
"N-[(2E),(1S)-1-(Methylethyl)-5-oxohex-2-enyl](tert-butoxy)carboxamide",,19671
N-[(5-Methyl-5-hexenyl)-2-oxy]pyridine-2(1H)-thione,7522,
"N-[(5R)-10,10-Dimethyl-3,3-dioxo-3-thia-4-azatricyclo[5.2.1.0(1,5)]dec-4-yl]...",19506,
N-Acetyl-acetamide,,55946
N-Allyl-N'-[(3-dimethylamino)propyl]thiourea,,5995
"N-Allyl-N,N-dimethylamine",2206481,
N-Allylacetamide,7366,
n-Butyl ether,,75729
N-Ethyl-2-isopropoxycarbonylazetidine,19067,
n-Fluorodacane,,
N-formyl-2-aminobenzaldehyde,12362,
N-Isopropyl-2-chloro-2-methyl-3-butylimine,,20823
N-Methoxy-N-methylpropionamide,20686,
N-methyl-1-methylpent-4-enylamine,,
N-Methyl-2-isopropoxycarbonylazetidine,48080,
"N-Methyl-3,3-dimethyl-2-hydroxybutanoic acid amide",,228790
"N-Methyl-5-methylene-1,3-oxazolidin-2-one",,46437
N-Methyl-N-vinylbutanamide,,72161
N-Methylformide,,
N-NITROSO-METHYL-2-HYDROXYETHYLAMINE,,
"N-Perfluorobutylsulfonyl-2,3,5,6-tetramethylaniline",21263,
N-tert-Butyl-N-difluoroamine,,64631
N-tert-Butyl-N-methylformamide,,12566
N-tert-Butylacrylamide,,
"N2-Methyl-N1-(4-methylbenzoyl)propane-1,2-diamine",,5478
Neopentyl 2-hydroxybutanoate,447445,
Non-1-en-3-ol,,143952
O-Isopropyl(Z)-S-4-Phenylbut-3-enyl Dithiocarbonate,5606,
O-Propenylcarbonyl-N-isopropylidene oxime,,1032495
O-Vinyl - Dimethylglyoxime,,80786
"Octa-1,3,7-triene-3,4-oxide",466909,
Octanoic acid,,1024974
Octyl Trifluoromethylsulfoxide,53415,
"Osmium, [methyl 2-(1,1-dimethylethyl)-4,5-dihydroxy-3-oxazolidinecarboxylato...",,169367
"Oxazole, 2-phenyl-",,39947
"Oxetane, 3-(1-methylethyl)-",,29907
Oxocanone,,246418
P-HYDROXYPHENYL ETHANEDIOL 3TMS,422487,
p-Methylhydrocinnamic acid,,
Pent-4-enal,30283,
"Pentane, 1-propoxy-",122649,
"Pentane, 2-bromo-",,103336
"Pentane, 2-chloro-",324193,
"Pentane, 2-nitro-",,3246488
"Pentane, 3,3-dimethyl-",116903,
"Pentane, 3-bromo-",,6770
"Pentanedioic acid, diethyl ester",,26229
Pentanoic acid,265742,
"Pentanoic acid, 2-fluoro-4-methyl-3-oxo-, ethyl ester",,4789
Phenacylidene diacetate,,1265151
"Phenol, 4-(1,1-dimethylpropyl)-",,41311
Phenylacetic acid,,278082
Phenylazomethane-amidoxime,12066,
Phosphoramidous difluoride,,13142
Phosphorus trifluoride,8369,
Photocitral a,,
"Phthalic acid, butyl cyclobutyl ester",53103,
"Phthalic acid, butyl hept-4-yl ester",,103446
"Phthalic acid, cyclobutyl isobutyl ester",39559,
"Phthalic acid, hept-4-yl isobutyl ester",,64556
"Piperidine, 1-acetyl-",68266,
"Propanal, 2-methyl-",134488,
"Propane, 2-isocyano-2-methyl-",5876,
"Propane, 2-methoxy-2-methyl-",,363398
"Propanoic acid, 2-hydroxy-, propyl ester",,133401
"Propanoic acid, 2-methyl-, 3-phenylpropyl ester",,47058953
"Propanoic acid, 2-methylpropyl ester",87239,
"Propanoic acid, 3-(trimethylsilyl)-, methyl ester",22557,
"Propanoic acid, anhydride",,21041
"Propanoic acid, butyl ester",31490,
"Propanoic acid, hexyl ester",285676,
"Propiophenone, 2,2',4',6'-tetramethyl-",,95713
Propyl pyruvate,254535,
"Pyrazine, 2,5-dimethyl-",,2596357
"Pyrazine, 2,6-dimethyl-",,99360
"Pyrazine, 2-ethyl-6-methyl-",372818,
"Pyrazine, methyl-",,406260
"Pyrazine, trimethyl-",,202934
Pyrazolidine,,8225
"Pyridine, 2,3,6-trimethyl-",,953014
Quadricyclanone,,6842
Quinoline,35983,
rac-r-3-Acetoxy-1-(4-methoxybenzyl)-C-5-(2-thiazolyl)-2-pyrrolidinone,6171,
"rel-(2R,5R,.alpha.S)-.alpha.-(1-Methylethyl)-5-methyltetrahydrofuran-2-methanol",,57495
"spiro[2,3-dihydroxy-1-oxa-5-oxocyclopentane--4,3'-1',2',5',6'-tetramethylbic...",39474,
Sulfur dioxide(DOT),,789656
"Sulfurous acid, 2-ethylhexyl isohexyl ester",,12047
Sulphuric acid dibutyl ester,,13334
"syn-(1RS,2'SR(E))-2-(3'-Amino-2'-methylpropylidene)cyclohexanol",78901,
t-Butyl .alpha.-(Dibromomethylidenamino)-.alpha.-cyano-.beta.-phenylpropanoate,9027,
t-Butyl .alpha.-Cyano-.alpha.-(formylamido)-.beta.-(p-methylphenyl)propanoate,13244,
t-Butyl 2-methylsuccinate,98419,
t-Butyl N-(t-butyloxycarbonyl) methyl sulfoximine,,11203
"Terbutaline, N-trifluoroacetyl-O,O,o-tris(trimethylsilyl)deriv.",28427,
"tert-Butyl (2E)-2,3,7-trideoxy-D-ribo-hept-2-enoate",,31745
"tert-Butyl (3,5-di-tert-butylphenyl) sulfide",,12384
"tert-Butyl 5,5-Dimethyl-4-hydroxyhexanoate",,72286
tert-Butyl-N-(2-fluoro-2-(1-methylvinyl)-4-pentylidene)amine,,88158
tert-butylphosphonic acid dichloride,,
testosterone 17b-acetate TMS,24178,
TETRACOSAMETHYLCYCLODODECASILOXANE,,
Tetradecanoic acid,95175,
"Tetradecanoic acid, ethyl ester",888560,
Tetraethyleneglycol diglycidyl ether,44282,
Tetrahydrofurfuryl acrylate,20778,
THALIFASiNE,,25798
Toluene,6497146,
trans-(2-Ethylcyclopentyl)methyl acetate,,1341502
"trans-1,4-Diacetoxy-2-butene",665523,
trans-1-Acetyl-2-hydroxycyclohexane,,254293
"trans-2,5-dimethoxycarbonyl-3-ethenyl-4-(benzylthia)methyl-1,2,5-thiadiazoli...",,84921
"trans-3-Hexene-2,5-dione",258339,
"TRANS-4,5-DIMETHOXY-2-PENTENE",,
trans-isopropyl(phenyl-seleno)sulfine,1191955,
"tricyclo[4.3.2.0(1,6)]undeca-2,4-diene",18000,
"Trisulfide, dimethyl",4068523,
"Undecanoic acid, 2-methyl-, methyl ester",,302597
Urea,,1494656
Vinyl N-cyclohexylcarbamate,140667,
Vinyl trans-cinnamate,,79537
{[(Trimethylsilyl)methyl]oxy} Dimethyl Phosphinate,,23146
