Compound,EPI300_pCC1_ATF1_noAra,EPI300_pCC1_ATF1_Ara_iAAL
"(1,1-Dideuteriocyclopropyl)acetaldehyde ",172773,64798
"(1R,2S)-1,2-Dimethoxy-1,2-diphenylethane",599692,207114
"(3R*,4R*,5R*,6S*)-[(3,5-Dimethyl-4,6-bis-((tert-butyldimethylsilyl)oxy)-1-cy...",26867,52188
"(3R*,4R*,5R*,6S*)-[(3,5-Dimethyl-4,6-bis-((tert-butyldimethylsilyl)oxy)-1-cy...",30326,
"(3R*,4R*,5R*,6S*)-[(3,5-Dimethyl-4,6-bis-((tert-butyldimethylsilyl)oxy)-1-cy...",6686,
"(3R*,4R*,5R*,6S*)-[(3,5-Dimethyl-4,6-bis-((tert-butyldimethylsilyl)oxy)-1-cy...",50613,
"(4S,6S,1E)-3-(Acetoxymethylene)-6,7-dihydroxy-7,11-dimethyldodeca-1,10-dien-...",58103,9593
(E)-1-(Hex-2-enyloxy)butan-2-one,30760,85987
(E)-1-(Hex-2-enyloxy)butan-2-one,,13406
(E)-1-(Hex-2-enyloxy)butan-2-one,,33558
"(E)-Deca-1,6-dien-3-one",35569,25959
"(E)-Deca-1,6-dien-3-one",647536,
"(E)-Deca-1,6-dien-3-one",32182,
"(E)-Deca-1,6-dien-3-one",15345,
"(E)-Deca-1,6-dien-3-one",6777,
(tert-Butylsulfonyl)benzene,8974,35008
"1'-Deoxy-1'-(phenylsulfonyl)methylene]-2',3'-isopropylidene-.beta.-D-ribofur...",18509,55617
"1'-Deoxy-1'-(phenylsulfonyl)methylene]-2',3'-isopropylidene-.beta.-D-ribofur...",53221,56130
"1'-Deoxy-1'-(phenylsulfonyl)methylene]-2',3'-isopropylidene-.beta.-D-ribofur...",,22029
"1,3-Benzodioxole",736937,955138
"1,3-Dimethyl-3-(2-propyl)azetidine-2,4-dione",33718,26201
"1,3-Dimethyl-3-(2-propyl)azetidine-2,4-dione",73122,
"1,3-Dioxolane, 2-hexyl-",173596,137012
"1-(3,5-Dibromo-4-hydroxyphenyl)-3,3-dimethylbutan-2-one",64768,27270
1-(3-Methylbut-2-enyloxy)butan-2-one,13463,33093
1-(3-Methylbut-2-enyloxy)butan-2-one,,51389
1-(p-Methoxyphenyl)-3-phenyloxy-4-oxoazetidine-2-N-benzylN-methylenenitrone,509041,115762
1-(p-Methoxyphenyl)-3-phenyloxy-4-oxoazetidine-2-N-benzylN-methylenenitrone,42154,34017
1-(p-Methoxyphenyl)-3-phenyloxy-4-oxoazetidine-2-N-benzylN-methylenenitrone,34618,37229
1-(p-Methoxyphenyl)-3-phenyloxy-4-oxoazetidine-2-N-benzylN-methylenenitrone,,102380
1-(p-Methoxyphenyl)-3-phenyloxy-4-oxoazetidine-2-N-benzylN-methylenenitrone,,159214
1-(p-Methoxyphenyl)-3-phenyloxy-4-oxoazetidine-2-N-benzylN-methylenenitrone,,24561
1-(Phenylsulphinylmethyl)cyclododecene,20836,12865
"1-[1-(Toluene-4-sulfonyl)-4,5-dihydro-1H-pyrrol-2-yl]but-2-en-1-one",29623,21231
1-Allyl-cyclohexanol,21562,19081
"1-Butanol, 3-methyl-",9099000,9296760
"1-Butanol, 3-methyl-, acetate",592993,15762603
1-Cyano-2-methylbuten-3-one,42117,30909
1-Decanol,2201615,83368
1-Methoxycarbonyl-2-methylimidazole,74529,91219
1-Methoxycarbonyl-2-methylimidazole,15382,
"2,2-dimethyl-1-nitropropane ",98815,20040
"2,2-dimethyl-1-nitropropane ",11873,
"2,3,5,7,15-Pentaacetoxy-8-(tigloyloxy)-9,14-dioxo-Jatropha-6(17),11(E)-diene",4108,24462
"2,3-Pentanedione",49111,93910
"2,3-Pentanedione",251396,
"2,4-Di-tert-butylphenol",5112389,7797875
"2,5-Dihydroxybenzaldehyde, 2TMS derivative",7269865,8082150
"2,5-Dimethylhexane-2,5-dihydroperoxide",4217153,6238839
"2,6-Dimethylhepta-1,5-diene-5,5-dicarbonitrile",48161,41565
2-Acetoxy-tetrahydrofuran,63854,71754
2-Acetyl-5-methylthiophene,163971,177728
2-Acetyl-5-methylthiophene,,170942
2-Acetylthiazole,830233,738389
2-amino-3-furfuryloxybenzoic acid,37479,18800
2-Butanone,4396690,3686959
2-Dimethylamino-3-cyano-5-methylhex-4-en-1-nitrile,48302,99484
2-Dodecanone,508484,202374
2-Heptanone,933651,73289
"2-Heptanone, 4-methyl-",17236711,16951156
2-Nonanone,1845893,2046052
2-O-methylbaeomycesic acid,15856609,25799
"2-Octanol, 2-methyl-",2372293,2240183
2-Pentadecanone,3709705,5101207
"2-Propanol, 1,1'-oxybis-",231486,101523
"2-Propanol, 2-methyl-",578391,541113
2-Propenal,130583,121610
2-Propenal,128806,
"2-Propenoic acid, 2-methyl-, methyl ester",6235,63678
2-Tetradecanone,1252551,476773
2-Tridecanol,783834,681761
2-Tridecanol,,553527
2-Tridecanone,9551262,11784335
2-Undecanone,3564840,4765598
"3,3,6-trimethyl-2-methylene-4-oxo-2,3-dihydrofuro[3,2-c]pyran",31397,46434
"3,5-Bis(trifluoromethyl)phenyl 1-phenylpropyl Sulfone",24801,19450
"3,5-Diamino-1,2,4-triazole",125442,122921
3-(Hydroxymethyl)-1-phenyl-1-heptadecyn-3-ol,1734170,398323
3-(Hydroxymethyl)-1-phenyl-1-heptadecyn-3-ol,827360,
3-(Hydroxymethyl)-1-phenyl-1-heptadecyn-3-ol,313457,
"3-Acetyl-2-methyl-9b-(1-naphthyl)-3aH-benzo[e]cyclohexa[1,2-b]furan",57282,37787
"3-Acetyl-2-methyl-9b-(1-naphthyl)-3aH-benzo[e]cyclohexa[1,2-b]furan",60991,29607
"3-Acetyl-2-methyl-9b-(1-naphthyl)-3aH-benzo[e]cyclohexa[1,2-b]furan",118770,39560
"3-Acetyl-2-methyl-9b-(1-naphthyl)-3aH-benzo[e]cyclohexa[1,2-b]furan",28843,62958
"3-Acetyl-2-methyl-9b-(1-naphthyl)-3aH-benzo[e]cyclohexa[1,2-b]furan",,146097
"3-Acetyl-2-methyl-9b-(1-naphthyl)-3aH-benzo[e]cyclohexa[1,2-b]furan",,74098
3-Quinolinecarbonitrile,224548,207243
"4,4-Dideuteriomethoxycyclohexane",30273,129818
4-(2-Naphthyl)-5-phenyl-4H-dibenzophosphole oxide,17660,13211
4-(2-Naphthyl)-5-phenyl-4H-dibenzophosphole oxide,268741,266039
4-amino-2-methylbutanoic acid ,4557,4708
4-Azido-3-bromobenzene,23368,21307
"4-Ethylene Ketal of t-5,c-10-Dimethyl-r-1H-bicyclo[5.3.0]dec-6-ene-4,8-dione",56694,7024
4-Methoxy-1-nonene ,10959,9356
4-Methyl-2H-pyran,111701,148294
4-Quinolinecarboxaldehyde,39198,78042
"5,6-Dihydrobenzo[c]phenanthridin-6-one",58253,64719
5-(1-Methyl-1-methoxyethoxy)-1-tetrahydropyranyloxypentene,105468,15118
5-(1-Methyl-1-methoxyethoxy)-1-tetrahydropyranyloxypentene,13024,
5-(2'-oxopropyl)isoxazole ,282645,120697
5-(2'-oxopropyl)isoxazole ,378175,334763
"5-Amino-1-methyl-1H-pyrazole-4-carboxamide, 3TMS",1882457,2122392
"5-Amino-1-methyl-1H-pyrazole-4-carboxamide, 3TMS",2493419,592342
"5-hydroxy-1,2-pentadiene",10983,8371
"5-hydroxy-1,2-pentadiene",,59067
5-{Ethoxycarbonyl}-N(1)-[3'-(N,18403,45182
5-{Ethoxycarbonyl}-N(1)-[3'-(N,83530,
7.ALPHA.-METHACRYLOYLOXY- OR -TIGLINOYLOXY-9.BETA.-METHACRYCOYLOXY-OR -TIGLI...,21074,54184
[5-methyl-3-(3-butenyl)]isoxazole ,73030,1046362
[5-methyl-3-(3-butenyl)]isoxazole ,,165308
[5-methyl-3-(3-butenyl)]isoxazole ,,105962
Acetic acid,3703151,5218826
"Acetic acid, nonyl ester",371860,550881
"Acetic acid, nonyl ester",,77196
Acetone,8696808,7258207
Acetone,,912051
Acetone,,906684
"Benzenemethanol, .alpha.-methyl-, propanoate",181760,455849
Benzoic acid,559641,498811
"Benzoic acid, 3-methyl-, methyl ester",64251,82881
"Benzoic acid, methyl ester",1284570,1510219
Benzyl alcohol,3964301,3640221
"Butane, 2-methoxy-2-methyl-",200598,168580
"Butanoic acid, 2-methylcyclohexyl ester, cis-",92951,93970
"Butanoic acid, 3-methyl-",250497,165083
Chromafenozide,4202080,3305577
cis-2-Carbomethoxy-4-[(1-chloro-1-methyl)ethyl]terahydrofuran,67674,37380
"Cycloheptasiloxane, tetradecamethyl-",1068396,2000187
"Cyclohexasiloxane, dodecamethyl- ",4971582,1682519
"Cyclohexasiloxane, dodecamethyl- ",,5100401
"Cyclohexene, 1-methoxy-",39497,44967
"Cyclononasiloxane, octadecamethyl-",260134,378275
"Cyclooctasiloxane, hexadecamethyl-",416407,425751
"Cyclooctasiloxane, hexadecamethyl-",293173,
"Cyclooctasiloxane, hexadecamethyl- ",287504,321139
Cyclopentadecanone,1869543,2437007
"Cyclopentanone, 2,4,4-trimethyl-",1272444,1013556
"Cyclopentasiloxane, decamethyl-",4828069,2749092
"Cyclopentasiloxane, decamethyl-",,4711255
"Cyclotetrasiloxane, octamethyl-",9178407,9388167
"Cyclotetrasiloxane, octamethyl-",456751,4069218
"Cyclotetrasiloxane, octamethyl-",2568321,2359653
"Cyclotrisiloxane, hexamethyl-",325105,17933463
"Cyclotrisiloxane, hexamethyl-",,298263
Didehydro-7-[(trimethylsilyl)oxy*]-9-ketoabietic acid - methyl ester,485785,454533
Didehydro-7-[(trimethylsilyl)oxy*]-9-ketoabietic acid - methyl ester,475842,477785
"diethyl 2,6-dimethyl-4-(3-pyridazinyl)-1,4-dihydropyridine-3,5-dicarboxylate",17836,23212
Dimethyl ether,54805472,53686574
"Disulfide, dihexyl",85100,220894
"Disulfide, dimethyl",8622641,9011269
Dodecanoic acid,419494,62633
"Dodecanoic acid, ethyl ester",603783,947306
"Ethanone, 1,1'-(1,4-phenylene)bis-",48329,45300
"Ethanone, 1-(2,3,4-trimethylphenyl)-",105839,124204
"Ethanone, 1-(2,4-dimethylphenyl)-",380034,334006
"Ethyl (2'-nitro-3'-oxo-6',7'-dihydro-3H,5H-benzo[ij]quinolizin-1'-yl)-cyanoa...",31125,434511
Ethyl 9-hexadecenoate,591454,684634
Ethyl 9-tetradecenoate,1062241,997916
Ethyl Acetate,2802236,17329199
Ethyl Acetate,,17861120
Farnesol ,147789,41841
Formic acid,296540,238661
"Hexadecanoic acid, ethyl ester",309066,331071
"Hexanoic acid, 5-oxo-, methyl ester",129673,51311
Indole,91290735,95764916
Isophthalaldehyde,116431,295289
Isophthalaldehyde,237862,
Lauryl acetate,586972,2605343
"Methane, dimethoxy-",52937,46979
Methyl 3-hydroxy-2-(p-toluenesulfonyloxy)methyl-10-tetrahydropyranyloxydecan...,19433,9454
"Methyl 5-[3,3-bis(trimethylsilyl)oxiran-2-yl]pentanoate",12591,16436
"Methyl 5-[3,3-bis(trimethylsilyl)oxiran-2-yl]pentanoate",7948,
Methyl Isobutyl Ketone,1219293,1027198
Methyl Isobutyl Ketone,512265,
Methylene chloride,176035,135408
OCTADECAMETHYLCYCLONONASILOXANE ,170547,201659
OCTADECAMETHYLCYCLONONASILOXANE ,45581,176830
OCTADECAMETHYLCYCLONONASILOXANE ,58730,64657
"Octasiloxane, 1,1,3,3,5,5,7,7,9,9,11,11,13,13,15,15-hexadecamethyl-",3770335,3926400
"Octasiloxane, 1,1,3,3,5,5,7,7,9,9,11,11,13,13,15,15-hexadecamethyl-",2050392,2092249
"Octasiloxane, 1,1,3,3,5,5,7,7,9,9,11,11,13,13,15,15-hexadecamethyl-",1050656,1114745
p-Cresol,141129,93508
"PENTAN-1,3-DIOLDIISOBUTYRATE, 2,2,4-TRIMETHYL- ",133281,362852
"Pentane, 1-propoxy-",122649,197013
"Pentane, 3,3-dimethyl-",116903,1652940
Phenol,142065,127876
"Propanoic acid, 2-methylpropyl ester",87239,83207
"Propanoic acid, decyl ester",127462,76314
"Propanoic acid, ethyl ester",3897536,5405798
rac-(+-)-2-(tert-Butylsulfonyl)pentyl acetate,314429,18453
t-Butyl 2-methylsuccinate,98419,79778
"Terbutaline, N-trifluoroacetyl-O,O,o-tris(trimethylsilyl)deriv.",28427,25657
"Tetradecanoic acid, ethyl ester",888560,1011669
Toluene,6497146,5219280
Toluene,2584,
0,15352,
0,22200,
0,23296,
0,40539,
0,36707,
0,40493,
0,58546,
0,25653,
0,33955,
0,32648,
0,16455,
0,287104,
0,35996,
0,39327,
0,51082,
0,23308,
0,7935,
0,87827,
0,18925,
0,6650,
0,31119,
0,7687,
0,18740,
0,49947,
0,176885,
0,9370,
0,5311,
0,15894,
0,30269,
0,34570,
0,94421,
0,38486,
0,20950,
0,38021,
0,8951,
0,76000,
0,16677,
0,38264,
0,217133,
0,22663,
0,200390,
0,84639,
0,7654,
0,554746,
0,13171,
0,10689,
0,662822,
0,176544,
0,19401,
0,68214,
0,94845,
0,348081,
0,31480,
0,50403,
0,559,
0,50897,
0,7612,
0,30928,
0,9761,
0,22658,
0,364792,
0,37402,
0,40332,
0,26504,
0,19884,
0,13723,
0,19883,
0,65887,
0,198804,
0,404065,
0,36161,
0,506231,
0,9504,
0,11222,
0,31739,
0,27081,
0,205212,
0,130248,
0,28278,
0,205820,
0,78995,
0,251013,
0,847613,
0,90966,
0,177142,
0,14797,
0,46436,
0,232618,
0,2013,
0,135628,
0,70538,
0,1459963,
0,16232,
0,841614,
0,5182,
0,1858955,
0,65434,
0,15410,
0,307339,
0,23144,
0,14103,
0,8266,
0,7916,
0,1771,
0,19354,
0,30037,
0,216912,
0,135960,
0,9497,
0,15416,
0,19282,
0,125691,
0,65967,
0,11714,
0,11942,
0,12184,
0,28759,
0,155873,
0,68010,
0,12233,
0,8245,
0,20499,
0,139696,
0,23518,
0,264581,
0,9933,
0,15565,
0,7595,
0,1356906,
0,95156,
0,217964,
0,318554,
0,615729,
0,5485,
0,54183,
0,124372,
0,56246,
0,37723,
0,46333,
0,4013,
0,244668,
0,2525002,
0,29088,
0,95900,
0,21841,
0,412625,
0,355301,
0,4923,
0,65682,
0,14122,
0,20483,
0,51872,
0,71511,
0,505943,
0,20730,
0,36868,
0,74533,
0,60380,
0,10833,
0,45296,
0,20503,
0,22948,
0,12135,
0,14114,
0,32305,
0,98359,
0,509536,
0,195819,
0,48125,
0,39263,
0,114717,
0,78356,
0,1919,
0,17321,
0,88205,
0,131592,
0,1016063,
0,19706,
0,11250,
0,41200,
0,53000,
0,200819,
0,34917,
0,238813,
0,173395,
0,23221,
0,37313,
0,10078,
0,55496,
0,26211,
0,37459,
0,22964,
0,26573,
0,35870,
0,138392,
0,53228,
0,410971,
0,4593551,
0,10806,
0,45163,
0,3801,
0,29876,
0,19493,
0,67307,
0,117420,
0,227478,
0,411398,
0,58604,
0,168746,
0,11239,
0,78228,
0,33856,
0,36633,
0,5290,
0,107879,
0,7392,
0,38286,
0,2435207,
0,64819,
0,16707,
0,64413,
0,300858,
0,6731,
0,23520,
0,10879,
0,70497,
0,55457,
0,118563,
0,6503,
0,193378,
0,144173,
0,15977,
0,70717,
0,200023,
0,183747,
0,8001112,
0,11912,
0,122330,
0,456745,
0,19045,
0,101855,
0,278306,
0,240570,
0,67637,
0,36108,
0,1783338,
0,166862,
0,54029,
0,2159979,
0,15454,
0,25636,
0,15704,
0,5742,
0,2749,
0,680,
0,175719,
0,53722,
0,52675,
0,9763,
0,402573,
0,24972,
0,198009,
0,50340,
0,6926,
0,23768,
0,20481,
0,10994,
0,6894,
0,113781,
0,13342,
0,61502,
0,9408,
0,8136,
0,89059,
0,119854,
0,49397,
0,1544404,
0,169262,
0,38743,
0,101150,
0,56863,
0,49662,
0,48665,
0,31077,
0,1943295,
0,21145,
0,8427,
0,42427,
0,90115,
0,46252,
0,11711,
0,18272,
0,9503,
0,64468,
0,144818,
0,287066,
0,1074,
0,726,
0,56716,
0,53183,
0,7766,
0,102682,
0,529774,
0,145639,
0,35851,
0,64322,
0,1157785,
0,81669,
0,5823,
0,42758,
0,1058789,
0,30529,
0,38326071,
0,57936,
0,13018,
0,37783,
0,7829317,
0,1404148,
0,14990,
0,930664,
0,62576,
0,97751,
0,82192,
0,33312,
0,180243,
0,11661,
0,50151,
0,7084,
0,53302,
0,1015352,
0,2302538,
0,390807,
0,17985,
0,1617368,
0,171692,
0,208753,
0,28540,
0,161842,
0,6412,
0,322372,
0,14720,
0,225169,
0,36643,
0,131838,
0,2402,
0,136523,
0,47885,
0,156891,
0,42589,
0,109411,
0,498614,
0,85026,
0,147591,
0,592691,
0,91779,
0,27619,
0,17981,
0,36685,
0,423285,
0,565046,
0,3184,
0,1442352,
0,143501,
0,116756,
0,11008,
0,38400,
0,240226,
0,212281,
0,2498631,
0,42386,
0,33420,
0,552149,
0,526961,
0,9550,
0,553409,
0,46551,
0,594464,
0,26420,
0,43987,
0,248294,
0,38939,
0,15141,
0,47232,
0,21700,
0,26902,
0,471364,
0,6138,
0,24580,
0,96350,
0,4985,
0,193257,
0,53029,
0,11679,
0,283105,
0,16461,
0,21749,
0,144931,
0,8870,
0,17430,
0,5701,
0,1837,
0,76205,
0,82663,
0,18900,
0,158656,
0,114471,
0,7522,
0,19506,
0,2206481,
0,7366,
0,2052277,
0,19067,
0,321277,
0,12362,
0,20686,
0,48080,
0,496926,
0,21263,
0,447445,
0,5606,
0,466909,
0,53415,
0,5180082,
0,422487,
0,4145,
0,4076,
0,354542,
0,30283,
0,29822,
0,324193,
0,265742,
0,12066,
0,233783,
0,8369,
0,93920,
0,53103,
0,39559,
0,68266,
0,134488,
0,5876,
0,1936842,
0,22557,
0,15974,
0,31490,
0,285676,
0,254535,
0,372818,
0,35983,
0,6171,
0,8949,
0,39474,
0,78901,
0,9027,
0,13244,
0,24178,
0,537233,
0,95175,
0,44282,
0,20778,
0,8820,
0,20333,
0,665523,
0,21797,
0,15173,
0,12978,
0,238664,
0,258339,
0,1191955,
0,18000,
0,20584,
0,4068523,
0,140667,
0,14657,
0,17785,
0,31345,
0,643140,
0,7408,
0,16177,
0,2651333,
0,10842,
0,35829,
0,79636,
0,8749,
0,6524,
0,866,
0,604968,
0,50822,
0,55868,
0,82726,
0,11672,
0,4592,
0,528314,
0,74119,
0,240025,
0,1224421,
0,15439,
0,138094,
0,40942,
0,44133,
0,6504,
0,265191,
0,10339,
0,21570,
0,8442,
0,16494,
0,4792,
0,146748,
0,27703,
0,1920,
0,23636,
0,94966,
0,32663,
0,1185605,
0,19803,
0,1109,
0,60155,
0,11490,
0,21614,
0,44110,
0,47440,
0,78235,
0,54611,
0,69465,
0,46208,
0,63525,
0,4714,
0,16681,
0,15003,
0,9353,
0,4504,
0,15639,
0,6808,
0,227919,
0,11979,
0,50377,
0,5135,
0,49490,
0,61751,
0,197364,
0,18827,
0,12444,
0,1665013,
0,76526,
0,4278,
0,16825,
0,116513,
0,14543,
0,26597,
0,21344,
0,57667,
0,4424,
0,7961,
0,23278,
0,77491,
0,7144,
0,147621,
0,391027,
0,214251,
0,30347,
0,2413,
0,39297,
0,88015,
0,45888,
0,151805,
0,116110,
0,13652,
0,40308,
0,36586,
0,11968,
0,8305,
0,5081,
0,39594,
0,28170,
0,281116,
0,38783,
0,66123,
0,91982,
0,9889,
0,7737,
0,434854,
0,71631,
0,17500,
0,103593,
0,18720,
0,30980,
0,277101,
0,12994,
0,4038,
0,17970,
0,42798,
0,130882,
0,49998,
0,49507,
0,16618,
0,645354,
0,21605,
0,329925,
0,147367,
0,42923,
0,178225,
0,5857,
0,8775,
0,114972,
0,191758,
0,,19731
0,,39930
0,,37478
0,,99350
0,,3644
0,,38698
0,,45383
0,,34530
0,,17425
0,,24850
0,,15013
0,,10847
0,,316218
0,,258544
0,,521703
0,,49916
0,,23654
0,,8221
0,,495371
0,,731123
0,,22108
0,,111847
0,,106423
0,,17946
0,,36776
0,,71919
0,,27325
0,,15344
0,,42562
0,,35585
0,,21811
0,,14240
0,,113462
0,,328634
0,,4750
0,,32648
0,,2602
0,,164270
0,,7186
0,,152260
0,,29016
0,,2695
0,,53696
0,,12271
0,,288615
0,,585013
0,,11782
0,,20498
0,,63710
0,,7844
0,,465304
0,,90683
0,,20094
0,,9639
0,,6653
0,,44227
0,,14761
0,,22301
0,,38859
0,,507447
0,,145141
0,,182328
0,,3853
0,,71898
0,,8087
0,,25517
0,,185363
0,,282422
0,,406197
0,,36109
0,,9173
0,,170612
0,,56705
0,,112082
0,,11351
0,,25195
0,,14170
0,,36886
0,,16759
0,,31039
0,,203867
0,,99235
0,,15445
0,,206422
0,,37938
0,,3882555
0,,361643
0,,20090
0,,14313
0,,77917
0,,12560
0,,34499
0,,7813
0,,19934
0,,215550
0,,17605
0,,45831
0,,219037
0,,224287
0,,6121
0,,97513
0,,645314
0,,9271
0,,14160
0,,4207
0,,1263
0,,8420
0,,130528
0,,61463
0,,13627
0,,52311
0,,7049
0,,236346
0,,45270
0,,657625
0,,91158
0,,8930
0,,84831
0,,67417
0,,51552
0,,80589
0,,38841
0,,26313
0,,13923
0,,70314
0,,56643
0,,240095
0,,196516
0,,23476
0,,37945
0,,232581
0,,182581
0,,24142
0,,132850
0,,126027
0,,29192
0,,112060
0,,102585
0,,169361
0,,34269
0,,14234
0,,2344
0,,10526
0,,1826584
0,,66230
0,,30572
0,,19898
0,,1460023
0,,79216
0,,145551
0,,15848
0,,42001
0,,71138
0,,28172
0,,74220
0,,25021
0,,47851
0,,12690
0,,17114
0,,3586483
0,,659828
0,,49564
0,,70541
0,,4532
0,,19447
0,,126058
0,,70772
0,,43828
0,,8127
0,,1605548
0,,65297
0,,67799
0,,30863
0,,43143
0,,54133
0,,26072
0,,24806
0,,100105
0,,12270
0,,172599
0,,15426
0,,18464
0,,92716
0,,20838
0,,124907
0,,18867
0,,12934
0,,9469
0,,10455
0,,39439
0,,13719
0,,19960
0,,28989
0,,159751
0,,161117
0,,78841
0,,2144
0,,10236
0,,70021
0,,26143
0,,24460
0,,410179
0,,13042
0,,73020
0,,12605
0,,153624
0,,25101
0,,204749
0,,32414
0,,22589
0,,5590
0,,430014
0,,129620
0,,224702
0,,454135
0,,104218
0,,84475
0,,1744773
0,,2317
0,,51884
0,,603038
0,,247812
0,,204210
0,,2626284
0,,198376
0,,13498
0,,14039
0,,16436
0,,3218446
0,,849694
0,,1274458
0,,2040
0,,43431
0,,1353838
0,,14944
0,,217618
0,,24993
0,,36505
0,,11123
0,,27666
0,,6930
0,,16536
0,,6414
0,,66445
0,,131635
0,,7956
0,,24293
0,,82889
0,,127705
0,,62239
0,,18046
0,,587763
0,,3963
0,,19053
0,,22893
0,,83945
0,,27224
0,,184242
0,,664300
0,,45730
0,,4261
0,,52310
0,,508
0,,17212
0,,5471
0,,8788936
0,,71142
0,,8307
0,,391609
0,,60046
0,,18775
0,,8661
0,,17176
0,,59370
0,,12602
0,,176298
0,,5769
0,,237296
0,,239366
0,,59713
0,,115595
0,,26019
0,,312913
0,,74289
0,,47092
0,,3777
0,,161790
0,,10209
0,,1469014
0,,461
0,,60812
0,,30244
0,,587320
0,,28179
0,,50700
0,,91525
0,,13032
0,,4271
0,,11478
0,,220513
0,,310702
0,,3575251
0,,311304
0,,4330279
0,,2175431
0,,147170
0,,24155
0,,2779036
0,,130567
0,,3638539
0,,17782
0,,82319
0,,64478
0,,33848
0,,264019
0,,7089
0,,185590
0,,1984
0,,36381
0,,996431
0,,83682
0,,79531
0,,3727267
0,,183496
0,,32546
0,,16747
0,,31173
0,,124808
0,,78713
0,,14172
0,,126796
0,,7566
0,,8490
0,,5470
0,,26452
0,,66627
0,,37661
0,,83347
0,,2958481
0,,147765
0,,68386
0,,55807
0,,667421
0,,351579
0,,96976
0,,58847
0,,3993
0,,805826
0,,245186
0,,59627
0,,80458
0,,13595
0,,23831
0,,7999152
0,,1417781
0,,11039
0,,385758
0,,14710
0,,32102
0,,199328
0,,13436
0,,572029
0,,26962
0,,8950
0,,46265
0,,15559
0,,229114
0,,21209
0,,195257
0,,122381
0,,383907
0,,523687
0,,849287
0,,48976
0,,2415779
0,,641626
0,,155302
0,,374630
0,,37635
0,,117059
0,,180623
0,,1699927
0,,641751
0,,82050
0,,148690
0,,24594
0,,117487
0,,39708
0,,358154
0,,78185
0,,79232
0,,117192
0,,93434
0,,360769
0,,67399
0,,48672
0,,183287
0,,206998
0,,314580
0,,222192
0,,14172
0,,141527
0,,48879
0,,15329
0,,17596
0,,11891
0,,428187
0,,459877
0,,348813
0,,196254
0,,27989
0,,77537
0,,31158
0,,8634
0,,91970
0,,29385
0,,32079
0,,388574
0,,13637
0,,59607
0,,26076
0,,46606
0,,39281
0,,7749
0,,118902
0,,14727
0,,76504
0,,23571
0,,2180
0,,1310248
0,,1243605
0,,56681
0,,33228
0,,204854
0,,974761
0,,183961
0,,38349
0,,4198845
0,,39281
0,,955105
0,,246450
0,,232460
0,,26766
0,,61931
0,,25125
0,,345913
0,,6396120
0,,237300
0,,201445
0,,38254
0,,418088
0,,1124928
0,,57757
0,,21939
0,,246376
0,,32075
0,,44006
0,,73531
0,,16043
0,,100185
0,,104677
0,,15163
0,,42704
0,,246311
0,,163445
0,,6245
0,,177145
0,,46313
0,,159460
0,,47821
0,,126605
0,,165247
0,,15861
0,,102189
0,,26796
0,,7238
0,,6701
0,,3157
0,,5901
0,,587422
0,,251323
0,,72515
0,,12850
0,,50756
0,,18109
0,,1010
0,,23677
0,,421447
0,,64404
0,,7219
0,,26158
0,,14649
0,,7445
0,,4009
0,,13111
0,,41504
0,,588770
0,,73655
0,,77860
0,,138868
0,,26079
0,,14820
0,,7384
0,,1233
0,,42217
0,,15220
0,,20269
0,,36091
0,,1089352
0,,50698
0,,36114
0,,37652
0,,49870
0,,4437
0,,10935
0,,4098
0,,527862
0,,27170
0,,33673
0,,25253
0,,19107
0,,68852
0,,72997
0,,12888
0,,35776
0,,120732
0,,206643
0,,197131
0,,9835
0,,11265
0,,1311
0,,28659
0,,91881
0,,7891
0,,9304
0,,895743
0,,13176
0,,151388
0,,49065
0,,9421
0,,58696
0,,166231
0,,57315
0,,407433
0,,42237
0,,402156
0,,5350
0,,99529
0,,113103
0,,6511
0,,196128
0,,153822
0,,76862
0,,11391
0,,133009
0,,2452
0,,135512
0,,37821
0,,19839
0,,397756
0,,19079
0,,21169
0,,35189
0,,2178
0,,3935
0,,6926
0,,6066
0,,63288
0,,1601833
0,,136289
0,,17517
0,,53027
0,,27217
0,,15116
0,,4823
0,,134491
0,,6652
0,,187792
0,,17490
0,,16790
0,,48241
0,,22002
0,,6792
0,,9532
0,,14279
0,,98896
0,,610522
0,,142157
0,,279793
0,,5516
0,,19550
0,,6981
0,,3165
0,,3913
0,,13715
0,,17309
0,,29699
0,,127350
0,,3130
0,,4420
0,,499668
0,,102082
0,,408915
0,,14418
0,,63799
0,,88540
0,,75631
0,,4468
0,,3623
0,,3982
0,,159573
0,,12611
0,,51755
0,,4444
0,,77082
0,,6438
0,,4043
