Name,EPI300_pCC1_ATF1_noAra,EPI300_pCC1_ATF1_Ara_iAAl,,,,,,,
"(1,1-Dideuteriocyclopropyl)acetaldehyde ",321139,105021,,,,,,,
"(1R,2S)-1,2-Dimethoxy-1,2-diphenylethane",1114669,335679,,,,,,,
"(3R*,4R*,5R*,6S*)-[(3,5-Dimethyl-4,6-bis-((tert-butyldimethylsilyl)oxy)-1-cy...",49939,84583,,,,,,,
"(4S,6S,1E)-3-(Acetoxymethylene)-6,7-dihydroxy-7,11-dimethyldodeca-1,10-dien-...",107998,15548,,,,,,,
(E)-1-(Hex-2-enyloxy)butan-2-one,57175,139363,,,,,,,
"(E)-Deca-1,6-dien-3-one",66113,42073,,,,,,,
(tert-Butylsulfonyl)benzene,16680,56739,,,,,,,
[5-methyl-3-(3-butenyl)]isoxazole ,135743,1695887,,,,,,,
"1-(3,5-Dibromo-4-hydroxyphenyl)-3,3-dimethylbutan-2-one",120387,44198,,,,,,,
1-(3-Methylbut-2-enyloxy)butan-2-one,25024,53635,,,,,,,
1-(Phenylsulphinylmethyl)cyclododecene,38729,20851,,,,,,,
1-(p-Methoxyphenyl)-3-phenyloxy-4-oxoazetidine-2-N-benzylN-methylenenitrone,946173,187621,,,,,,,
"1,3-Benzodioxole",1369771,1548036,,,,,,,
"1,3-Dimethyl-3-(2-propyl)azetidine-2,4-dione",62673,42465,,,,,,,
"1,3-Dioxolane, 2-hexyl-",322669,222062,,,,,,,
"1-[1-(Toluene-4-sulfonyl)-4,5-dihydro-1H-pyrrol-2-yl]but-2-en-1-one",55061,34410,,,,,,,
1-Allyl-cyclohexanol,40078,30925,,,,,,,
"1-Butanol, 3-methyl-",16912639,15067682,,,,,,,
"1-Butanol, 3-methyl-, acetate",1102217,25547169,,,,,,,
1-Cyano-2-methylbuten-3-one,78284,50096,,,,,,,
1-Decanol,4092221,135118,,,,,,,
"1'-Deoxy-1'-(phenylsulfonyl)methylene]-2',3'-isopropylidene-.beta.-D-ribofur...",34403,90141,,,,,,,
1-Methoxycarbonyl-2-methylimidazole,138530,147843,,,,,,,
"2,2-dimethyl-1-nitropropane ",183671,32480,,,,,,,
"2,3,5,7,15-Pentaacetoxy-8-(tigloyloxy)-9,14-dioxo-Jatropha-6(17),11(E)-diene",7636,39647,,,,,,,
"2,3-Pentanedione",91284,152204,,,,,,,
"2,4-Di-tert-butylphenol",9502582,12638371,,,,,,,
"2,5-Dihydroxybenzaldehyde, 2TMS derivative",13512760,13099109,,,,,,,
"2,5-Dimethylhexane-2,5-dihydroperoxide",7838574,10111571,,,,,,,
"2,6-Dimethylhepta-1,5-diene-5,5-dicarbonitrile",89519,67366,,,,,,,
2-Acetoxy-tetrahydrofuran,118688,116295,,,,,,,
2-Acetyl-5-methylthiophene,304779,288052,,,,,,,
2-Acetylthiazole,1543184,1196741,,,,,,,
2-amino-3-furfuryloxybenzoic acid,69664,30470,,,,,,,
2-Butanone,8172286,5975622,,,,,,,
2-Dimethylamino-3-cyano-5-methylhex-4-en-1-nitrile,89781,161238,,,,,,,
2-Dodecanone,945138,327997,,,,,,,
2-Heptanone,1735411,118783,,,,,,,
"2-Heptanone, 4-methyl-",32038496,27473511,,,,,,,
2-Nonanone,3431028,3316130,,,,,,,
"2-Octanol, 2-methyl-",4409467,3630767,,,,,,,
2-O-methylbaeomycesic acid,29473251,41814,,,,,,,
2-Pentadecanone,6895362,8267759,,,,,,,
"2-Propanol, 1,1'-oxybis-",430271,164543,,,,,,,
"2-Propanol, 2-methyl-",1075076,877006,,,,,,,
2-Propenal,242719,197099,,,,,,,
"2-Propenoic acid, 2-methyl-, methyl ester",11589,103206,,,,,,,
2-Tetradecanone,2328162,772728,,,,,,,
2-Tridecanol,1456941,1104961,,,,,,,
2-Tridecanone,17753275,19099408,,,,,,,
2-Undecanone,6626097,7723822,,,,,,,
3-(Hydroxymethyl)-1-phenyl-1-heptadecyn-3-ol,3223364,645580,,,,,,,
"3,3,6-trimethyl-2-methylene-4-oxo-2,3-dihydrofuro[3,2-c]pyran",58359,75258,,,,,,,
"3,5-Bis(trifluoromethyl)phenyl 1-phenylpropyl Sulfone",46099,31524,,,,,,,
"3,5-Diamino-1,2,4-triazole",233164,199224,,,,,,,
"3-Acetyl-2-methyl-9b-(1-naphthyl)-3aH-benzo[e]cyclohexa[1,2-b]furan",106472,61243,,,,,,,
3-Quinolinecarbonitrile,417375,335888,,,,,,,
4-(2-Naphthyl)-5-phenyl-4H-dibenzophosphole oxide,32825,21412,,,,,,,
"4,4-Dideuteriomethoxycyclohexane",56270,210402,,,,,,,
4-amino-2-methylbutanoic acid ,8470,7630,,,,,,,
4-Azido-3-bromobenzene,43435,34533,,,,,,,
"4-Ethylene Ketal of t-5,c-10-Dimethyl-r-1H-bicyclo[5.3.0]dec-6-ene-4,8-dione",105379,11384,,,,,,,
4-Methoxy-1-nonene ,20370,15164,,,,,,,
4-Methyl-2H-pyran,207623,240347,,,,,,,
4-Quinolinecarboxaldehyde,72859,126486,,,,,,,
5-(1-Methyl-1-methoxyethoxy)-1-tetrahydropyranyloxypentene,196037,24502,,,,,,,
5-(2'-oxopropyl)isoxazole ,525362,195619,,,,,,,
"5,6-Dihydrobenzo[c]phenanthridin-6-one",108277,104893,,,,,,,
5-{Ethoxycarbonyl}-N(1)-[3'-(N,34206,73229,,,,,,,
"5-Amino-1-methyl-1H-pyrazole-4-carboxamide, 3TMS",3498991,3439857,,,,,,,
"5-hydroxy-1,2-pentadiene",20414,13567,,,,,,,
7.ALPHA.-METHACRYLOYLOXY- OR -TIGLINOYLOXY-9.BETA.-METHACRYCOYLOXY-OR -TIGLI...,39171,87818,,,,,,,
Acetic acid,6883180,8458389,,,,,,,
"Acetic acid, nonyl ester",691190,892838,,,,,,,
Acetone,16165071,11763707,,,,,,,
"Benzenemethanol, .alpha.-methyl-, propanoate",337844,738815,,,,,,,
Benzoic acid,1040225,808446,,,,,,,
"Benzoic acid, 3-methyl-, methyl ester",119426,134329,,,,,,,
"Benzoic acid, methyl ester",2387677,2447681,,,,,,,
Benzyl alcohol,7368589,5899872,,,,,,,
"Butane, 2-methoxy-2-methyl-",372859,273225,,,,,,,
"Butanoic acid, 2-methylcyclohexyl ester, cis-",172771,152301,,,,,,,
"Butanoic acid, 3-methyl-",465608,267558,,,,,,,
Chromafenozide,7810558,5357499,,,,,,,
cis-2-Carbomethoxy-4-[(1-chloro-1-methyl)ethyl]terahydrofuran,125788,60583,,,,,,,
"Cycloheptasiloxane, tetradecamethyl-",1985866,3241794,,,,,,,
"Cyclohexasiloxane, dodecamethyl- ",9240859,2726935,,,,,,,
"Cyclohexene, 1-methoxy-",73414,72880,,,,,,,
"Cyclononasiloxane, octadecamethyl-",483520,613088,,,,,,,
"Cyclooctasiloxane, hexadecamethyl-",773991,690034,,,,,,,
"Cyclooctasiloxane, hexadecamethyl- ",534394,520485,,,,,,,
Cyclopentadecanone,3474987,3949768,,,,,,,
"Cyclopentanone, 2,4,4-trimethyl-",2365138,1642716,,,,,,,
"Cyclopentasiloxane, decamethyl-",8974106,4455579,,,,,,,
"Cyclotetrasiloxane, octamethyl-",17060236,15215830,,,,,,,
"Cyclotrisiloxane, hexamethyl-",604284,29065580,,,,,,,
Didehydro-7-[(trimethylsilyl)oxy*]-9-ketoabietic acid - methyl ester,902946,736682,,,,,,,
"diethyl 2,6-dimethyl-4-(3-pyridazinyl)-1,4-dihydropyridine-3,5-dicarboxylate",33152,37621,,,,,,,
Dimethyl ether,101868907,87012276,,,,,,,
"Disulfide, dihexyl",158178,358013,,,,,,,
"Disulfide, dimethyl",16027214,14604974,,,,,,,
Dodecanoic acid,779729,101512,,,,,,,
"Dodecanoic acid, ethyl ester",1122273,1535342,,,,,,,
"Ethanone, 1-(2,3,4-trimethylphenyl)-",196727,201303,,,,,,,
"Ethanone, 1-(2,4-dimethylphenyl)-",706383,541339,,,,,,,
"Ethanone, 1,1'-(1,4-phenylene)bis-",89831,73420,,,,,,,
"Ethyl (2'-nitro-3'-oxo-6',7'-dihydro-3H,5H-benzo[ij]quinolizin-1'-yl)-cyanoa...",57853,704232,,,,,,,
Ethyl 9-hexadecenoate,1099357,1109618,,,,,,,
Ethyl 9-tetradecenoate,1974426,1617368,,,,,,,
Ethyl Acetate,5208617,28086222,,,,,,,
Farnesol ,274701,67814,,,,,,,
Formic acid,551190,386809,,,,,,,
"Hexadecanoic acid, ethyl ester",574472,536582,,,,,,,
"Hexanoic acid, 5-oxo-, methyl ester",241028,83162,,,,,,,
Indole,169685381,155210561,,,,,,,
Isophthalaldehyde,216414,478588,,,,,,,
Lauryl acetate,1091026,4222598,,,,,,,
"Methane, dimethoxy-",98396,76141,,,,,,,
Methyl 3-hydroxy-2-(p-toluenesulfonyloxy)methyl-10-tetrahydropyranyloxydecan...,36121,15323,,,,,,,
"Methyl 5-[3,3-bis(trimethylsilyl)oxiran-2-yl]pentanoate",23403,26639,,,,,,,
Methyl Isobutyl Ketone,2266344,1664827,,,,,,,
Methylene chloride,327203,219462,,,,,,,
OCTADECAMETHYLCYCLONONASILOXANE ,317002,326838,,,,,,,
"Octasiloxane, 1,1,3,3,5,5,7,7,9,9,11,11,13,13,15,15-hexadecamethyl-",7008058,6363695,,,,,,,
p-Cresol,262322,151553,,,,,,,
"PENTAN-1,3-DIOLDIISOBUTYRATE, 2,2,4-TRIMETHYL- ",247734,588091,,,,,,,
"Pentane, 1-propoxy-",227972,319308,,,,,,,
"Pentane, 3,3-dimethyl-",217292,2678995,,,,,,,
Phenol,264061,207254,,,,,,,
"Propanoic acid, 2-methylpropyl ester",162154,134857,,,,,,,
"Propanoic acid, decyl ester",236918,123686,,,,,,,
"Propanoic acid, ethyl ester",7244491,8761423,,,,,,,
rac-(+-)-2-(tert-Butylsulfonyl)pentyl acetate,584441,29908,,,,,,,
t-Butyl 2-methylsuccinate,182935,129300,,,,,,,
"Terbutaline, N-trifluoroacetyl-O,O,o-tris(trimethylsilyl)deriv.",52838,41583,,,,,,,
"Tetradecanoic acid, ethyl ester",1651599,1639658,,,,,,,
Toluene,12076480,8459125,,,,,,,
(E)-2-(But-2-enyloxy)-N-methoxy-N-methylacetamide,70671,,,,,,,,
"(2S,3S)-3-Methoxy-2,4-dimethylpentanol",57842,,,,,,,,
"Heptane, 4-methyl-",1026299,,,,,,,,
3-Oxobutyramide,447156,,,,,,,,
"Cyclohexanone, 3-methyl-",33429,,,,,,,,
Ethyl 2-oxirane-2-acetate,51336,,,,,,,,
tris(Trimethylphosphane) rhodium chloride,38260,,,,,,,,
Butyl trifluoroacetate,181693,,,,,,,,
"Bis(3,4-dimethoxycinnamoyl)-L-tartaric acid",14552634,,,,,,,,
1-(2-Methylphenyl)pentan-1-one,1564338,,,,,,,,
"Furan, tetrahydro-2,2,5,5-tetramethyl-",4644296,,,,,,,,
Bis(4-methylpiperazin-1-yl)methane,2609941,,,,,,,,
2-Methyl-1-cyclopentanol,322296,,,,,,,,
"Isopropyl 3,7,11-trimethyl-11-methoxy-2-.xi.-dodecenoate",86526,,,,,,,,
N-Methylformide ,923654,,,,,,,,
Acetonitrile-d3,190859,,,,,,,,
Allyl Butyl Ether,270704,,,,,,,,
Benzene,2152017,,,,,,,,
"3,5-Dimethylbutyrolactone ",9833,,,,,,,,
N-Allylacetamide,13691,,,,,,,,
3-(2'-N-tert-Butoxycarbonylaminoethyl)cyclohex-2-en-1-one,4526407,,,,,,,,
"2,7-exo-4,11,6-Dioxazatricyclo[6.2.1.0(2,7)]undec-9-ene-3,5-dione",20136,,,,,,,,
2-(Dibromomethyl)tetrahydropyran,26234,,,,,,,,
"cis-2-(2,2-Dichloroethyl)-3-methyloxetane",21675,,,,,,,,
"Formic acid, 2-methylpropyl ester",446517,,,,,,,,
2-Pentanone,8538199,,,,,,,,
"(3S,4S)-Hept-1-en-6-yne-3,4-diol",328783,,,,,,,,
5-Hexen-3-one,314613,,,,,,,,
"[1R*,5S*]-1-(Phenylsulfonyl)-2-oxo-3-oxabicyclo[3.1.0]hexane",1996,,,,,,,,
"Ether,1- propenyl propyl",1101656,,,,,,,,
anti-3-Methyl-5-methylenenon-2-en-4-ol,66638,,,,,,,,
N-Methyl-2-isopropoxycarbonylazetidine,89368,,,,,,,,
"1,3-diacetoxypropa-2-one",382565,,,,,,,,
Propyl pyruvate,473113,,,,,,,,
"Methyl (2RS,3SR,4RS)-2-phenyl-4-(phenylseleno)tetrahydro-3-furancarboxylate",28143,,,,,,,,
"DL-2,3-Butanediol",291619,,,,,,,,
"1-Propene, 3-fluoro-",592108,,,,,,,,
"Hydrazine, 1,1-dimethyl-",979481,,,,,,,,
(S)-3-tert-Butylperoxy-1-cyclohexene,1039,,,,,,,,
1-(1-Ethoxyethoxy)-5-pentanol,30171,,,,,,,,
"3,5,7-Trimethyloxepan-2-one",68091,,,,,,,,
(RS)-4-(tert-Butoxy)-3-methylbutanal,36061,,,,,,,,
"2,3-Dimethylsuccinodinitrile",122086,,,,,,,,
"Pentane, 2,2,4-trimethyl-",55431,,,,,,,,
"Furan, 2,3-dihydro-4-methyl-",394574,,,,,,,,
Thiazole,16394,,,,,,,,
CROTONIC ANHYDRIDE,99074,,,,,,,,
.alpha.-Methylbenzylnitrile,49264,,,,,,,,
3-Methyl-1(E)-3butadienyl tert-butyl sulfide,227379,,,,,,,,
(-)-Lavandulol ,75351,,,,,,,,
"2-Octenal, (E)-",49392,,,,,,,,
2-carbomethoxy-bicyclo[2.2.1]heptane(exo) ,36628,,,,,,,,
Hydrazino(3-phenylsydnon-4-yl)methanone oxime,17751,,,,,,,,
"2,2-Dimethyl-3-(2-methyl-1-propyl)cyclobutanone",178253,,,,,,,,
"1,3-Propanediol, 2-methyl-2-propyl-, dicarbamate",169082,,,,,,,,
Cyclopropane,300822,,,,,,,,
methyl monoterpenyl succinate,9266,,,,,,,,
"3,3-dimethyl-2-phenylbutyl phenyl sulfone",20890,,,,,,,,
(+-)-3-Hydroxy-2-methylenepentanoic acid,41264,,,,,,,,
"anti-4-Ethoxy-4,5-dihydro-5-methoxy-5-methyl-2(3H)-furanone",119558,,,,,,,,
Diisobutyl cellosolve,245052,,,,,,,,
.alpha.-(3-hydroxyphenoxy)acetophenone,678052,,,,,,,,
Hydrogen isocyanate,1028641,,,,,,,,
3-O-Ethoxymethyl-17.alpha.-carboxymethyl-17.beta.-estradiol,189322,,,,,,,,
Methyl trifluoroacetate,526217,,,,,,,,
1-bromo-1-chloropentane ,55831,,,,,,,,
(S)-4-Aminobenzyl methyl sulfide,94604,,,,,,,,
"3-Penten-2-one, 3-methyl-",3314755,,,,,,,,
1-Nitro-2-(but-3-enyl)cyclohexane,43714,,,,,,,,
methyl hydroxycarbamoyldiazirine-3-carboxylate,179089,,,,,,,,
2-Propenoic acid,83946,,,,,,,,
"Orthoformic acid, triisobutyl ester",9628405,,,,,,,,
(R)-1-(Methoxyethoxymethoxy)methyl-1-methyloxirane,1031126,,,,,,,,
"N,N-Dimethyl-2,2-bis(1'-naphthyl)acetamide",141645,,,,,,,,
"N-(Tosylmethyl)-2,2-dimethylpropanamide",212771,,,,,,,,
"2-(diphenylphosphinoyl)-5,5-dimethyl-1,3-dioxane",182823,,,,,,,,
4-Fluoropyridine,18147,,,,,,,,
Bicyclo[2.1.0]pentane ,107688,,,,,,,,
4-Picolyl butyl ether ,12814,,,,,,,,
"(RS)-3,4-Dihydro-4-methyl-2-pyridone",328149,,,,,,,,
"Butane, 1-chloro-",1729859,,,,,,,,
10-Methoxydec-8-yn-7-one,10195,,,,,,,,
"3-Heptanone, 2,4-dimethyl- ",131444,,,,,,,,
"Benzene, 1,3-dimethyl-",151801,,,,,,,,
"1-O-Acetyl-2-azido-2,3,6-trideoxy-.alpha.-DL-ribo-hexopyranose",18463,,,,,,,,
"2-Propenoic acid, methyl ester",36232,,,,,,,,
"1,6-Anhydro-2-chloro-.beta.,D-erythro-hex-3-enpyranose",3742,,,,,,,,
1-Methoxyhexan-2-ol ,126413,,,,,,,,
2-Pyridinecarboxylic acid,125106,,,,,,,,
"2(3H)-Furanone, dihydro-5-propyl-",86121,,,,,,,,
"4-Allyl-5,5-dimethylcyclohexane-1,3-dione",1264,,,,,,,,
"1-Cyano-2,6-dimethyl-1,5-heptadien-3-ol",35840,,,,,,,,
"4,4-Dimethoxybutanal",100426,,,,,,,,
exo-3-(Phenylsulfonyl)bicyclo[3.2.1]octan-8-one,217019,,,,,,,,
"Propanal, 2-methyl-",249978,,,,,,,,
E-Citral ,79162,,,,,,,,
2-Acetyl-2-methyltetrahydrofuran,244595,,,,,,,,
N-Methoxy-N-methylpropionamide,38450,,,,,,,,
"(1S,6R)-6-Methyl-3-isopropyl-5-oxocyclohex-3-enecarbonitrile",533651,,,,,,,,
(S)-2-Ethyl-5-oxotetrahydrofuran-2-carboxylic acid,176292,,,,,,,,
t-Butyl .alpha.-Cyano-.alpha.-(formylamido)-.beta.-(p-methylphenyl)propanoate,24617,,,,,,,,
p-Methylhydrocinnamic acid ,7704,,,,,,,,
2-Oxetanone,257234,,,,,,,,
"1-(exo)-dimethoxymethyl-4,7-bis(trifluoromethyl)-1a,5,7a,7b-tetrahydro-1H-cy...",3455307,,,,,,,,
1-METHOXY-1-(TRICHLOROMETHYL)CYCLOHEXANE,22647,,,,,,,,
4-Ethyl-2-methylpyrrole-3-carbonitrile,99855,,,,,,,,
N-(But-2-enoyl)prop-2-enamide,294900,,,,,,,,
"1,1,2,2,3-hexafluoro-4-decanone ",36957,,,,,,,,
"(1S,5S)-2-oxa-6-azabicyclo[3.3.0]octan-3-one",30586,,,,,,,,
"1,3-Benzenediol, monobenzoate",20859,,,,,,,,
1-Acetoxymethyloxyundec-10-ene,43019,,,,,,,,
Cyclopropylmethyl cyclopropane-1-carboxylate,11918,,,,,,,,
"2,2,6-Trimethyl-4H-1,3-dioxin-4-one",4693312,,,,,,,,
"N-Allyl-N,N-dimethylamine",4101266,,,,,,,,
"3,3',5,5'-TETRAMETHYL-1,1'-BIADAMANTE",108929,,,,,,,,
"Ethyl 4-(chloromethylene)-2,2-diphenyl-3-oxazoline-5-carboxylate",786775,,,,,,,,
Octyl Trifluoromethylsulfoxide,99284,,,,,,,,
(S)-3-Amino-4-cyclohexyl-2-methylbutan-2-ol,93686,,,,,,,,
"N-(1'-Ethyl-4'-piperidinyl)-2-methoxy-5-[N-methyl-N-(4""-toluenesulfonyl)amin...",153649,,,,,,,,
Methoxycyclopentaneacetonitrile,72377,,,,,,,,
"2-Methyl-1,4-butanediol",443890,,,,,,,,
"1-Propene, 2-methyl-",405138,,,,,,,,
"Dimethyl 1,3,3-trimethylcyclobutan-1-ol-2,4-dicarboxylate",4465,,,,,,,,
"3-Oxa-7-thiatricyclo[3.3.0.0(2,4)]octane 7,7-dioxide",517297,,,,,,,,
"(1R,2R)-1,2-Dihydroxy-3-cyclohexene",63113,,,,,,,,
Methyl 2-Butenyl Ether,50004,,,,,,,,
Ethyl 2-Nonylacrylate,170593,,,,,,,,
"N,N-diethyl-2-(2-(2-phenylethylcarbonyl)phenoxy)ethamine",10597,,,,,,,,
"(1R,2R)-2,3-Dibenzyloxy-1-[2-(1,3-dioxolan-2-yl)]ethylpropyl methanesulfanate",60684,,,,,,,,
"trans-3-Hexene-2,5-dione",480184,,,,,,,,
4-Hydroxy-4-phenylcyclohexanone - ethylene ketal,368046,,,,,,,,
"2,2,5,5-Tetramethylhexane-3,4-diol",454773,,,,,,,,
"2-[(E)-Buta-1,3-dienylmethyl]cyclohexylmethyl acrylate",145643,,,,,,,,
3-Methoxy-2-propenal ,22141,,,,,,,,
".alpha.-Carboxy-.alpha.-methyl-.gamma.,.gamma.-dimethyl-.gamma.-butyrolactone",69520,,,,,,,,
"4-Heptanol, 4-methyl-",748277,,,,,,,,
"(7Z,11Z)-Hexadecadienal",64257,,,,,,,,
3-Pentanone,67115,,,,,,,,
"6,7-Bis(hydroxymethyl)-3-thiabicyclo[3.2.0]heptane 3,3-dioxide",39303,,,,,,,,
"Piperidine, 1-acetyl-",126888,,,,,,,,
"1-(Iodomethyl)-2,2-dimethylcyclopentane",121625,,,,,,,,
Chromonar ,61918,,,,,,,,
"(1R*,2R*)-Dimethylcyclopentan-1-ol",47682,,,,,,,,
"2,2,5,5-Tetradeuteriomethoxycyclohexane",7459,,,,,,,,
Vinyl N-cyclohexylcarbamate,261463,,,,,,,,
1-AZIDO-1-PHENYLETHYLENE ,14714,,,,,,,,
(Z)-4-aminocrotonic acid ,42115,,,,,,,,
trans-isopropyl(phenyl-seleno)sulfine,2215530,,,,,,,,
"1-tert-Butyl-1,4-dihydro-4-(1-methylethyl)-5H-tetrazol-5-one ",1144478,,,,,,,,
"1-Chloro-3-methyl-1-[(2'-nitrobenzene)sulfinyl]-1,2-butadiene",17652,,,,,,,,
"2,2-Dimethyl-3-(1'-methyl-1'-propenyl)cyclobutane-1-ethyl formate",54067,,,,,,,,
Dec-1-en-4-ol,27361,,,,,,,,
Phosphorus trifluoride,15556,,,,,,,,
cyclopentanecarbonitrile ,53048,,,,,,,,
"1-Butanol, 2-ethyl-",403182,,,,,,,,
"Isopropyl O-(isobutoxycarbonyl)-2,3,4-trideoxy-4-methyl-.alpha.-D-erythro-he...",1104952,,,,,,,,
"5.18 Pyrazine<2,5-dimethyl->",3612072,,,,,,,,
"methyl tetradeca-12,13-dienoate ",98567,,,,,,,,
"N-[(5R)-10,10-Dimethyl-3,3-dioxo-3-thia-4-azatricyclo[5.2.1.0(1,5)]dec-4-yl]...",36257,,,,,,,,
Methyl ester of cis-2-Chlormethyl-tetrahydrofuran-3-carboxylic acid,45688,,,,,,,,
[(acetonyloxy)methyl]-15-crown-5,269178,,,,,,,,
Neopentyl 2-hydroxybutanoate,831682,,,,,,,,
1-(.alpha.-Hydroxybenzyl)cyclopentanol,131112,,,,,,,,
"(2R,3S)-{3-[4-[(Tetrahydropyran-2-yl)oxy]but-2(E)-enyl]oxiranyl}methanol",43323,,,,,,,,
"(2S)-2-Allyloxy-1,4-bis[(methanesulfonyl)oxy]butane",35177,,,,,,,,
"(1'RS,2RS,3'S,5'R)-[5'-((tert-Butyldimethylsilanyl)oxy)-3'-fluoro-2'-methyle...",75266,,,,,,,,
2-acetonylcyclooctanone ,163950,,,,,,,,
"(E)-2-(1-Hydroxy-2,2-dimethylpropyl)-2-(methylthio)thiolane 1-oxide",71535,,,,,,,,
Butanal,27862,,,,,,,,
Bicyclo[2.2.2]oct-5-en-2-one,24197,,,,,,,,
(E)-Methacrolein oxime,372472,,,,,,,,
"2,5-Dihydro-3,4-dimethylthiophene 1-oxide",38072,,,,,,,,
"(3S,4R)-3,4-Dihydroxy-5-cyano-1-pentene",92838,,,,,,,,
3-(Hydroxymethyl)cyclohex-2-en-1-one,31054,,,,,,,,
"(E)-3-methyl-2,4-pentadien-1-ol ",403593,,,,,,,,
n-Fluorodacane ,597169,,,,,,,,
"tricyclo[4.3.2.0(1,6)]undeca-2,4-diene",33457,,,,,,,,
Tetraethyleneglycol diglycidyl ether,82309,,,,,,,,
"2,5-Anhydro-3,4,6-trideoxy-6-azido-D-iditol",26249,,,,,,,,
"Trisulfide, dimethyl",7562310,,,,,,,,
1-Cyclohexyl-2-methylbut-3-en-1-ol,233626,,,,,,,,
dichloromethyl propyl sulfone,68110,,,,,,,,
"2-((1R,2S,5R)-Menthyl)tetrahydropyran",38110,,,,,,,,
"4-Methyl-9-oxo-8-oxa-3,5-nonanothiazole-3-ium bromide",38069,,,,,,,,
ENDO-2-AMINO-9-OXABICYCLO(3.3.1)NON-6-ENE,203366,,,,,,,,
"(1,1,2,3,3,3-hexafluoropropyl)cyclopentane",108822,,,,,,,,
4-(4-Nitrophenylazo)-N-ethyl-N-[2-(methacryloyloxy)ethyl]aniline,5110,,,,,,,,
"(E,Z)-6-Phenyl-5,11-didecadienal",14227,,,,,,,,
"5,7-Epoxy-5H-naphtho[1,8a-b]furan, 2-propenoic acid deriv.",15123,,,,,,,,
.alpha.-Isobutyl-.alpha.-(formylamino)acetonitrile,74967,,,,,,,,
"3,3-Bis(methoxymethyl)oxacyclobutane",313654,,,,,,,,
"(5,5-Dimethyl-1,3-dioxan-2-yl)-phenylmethanol",29543,,,,,,,,
t-Butyl .alpha.-(Dibromomethylidenamino)-.alpha.-cyano-.beta.-phenylpropanoate,16779,,,,,,,,
3-cyano-1-methoxymethoxyhept-2-ene,220377,,,,,,,,
Methyl ester of 3-methyl-1-phenylpyrazole-4-carboxylic acid,11409,,,,,,,,
"1,4-Diazido-2,5-dimethylcyclohexane",27504,,,,,,,,
"Pyrazine, 2-ethyl-6-methyl-",692970,,,,,,,,
"1,4-diphenylbut-3-ene-2-ol",86312,,,,,,,,
"3-Methylbut-2-enoic acid, 2-dimethylaminoethyl ester",848968,,,,,,,,
3-(1-Methylpyrrolyl)-3-azoacetone,71164,,,,,,,,
"(E)-1,3-Bis(1-hydroxycyclohexyl)propene",175504,,,,,,,,
"(Z)-3-Deuterio-N-(2-deuteriomethyl-3,3-dimethylbutyl)-2-methylallylamine",57487,,,,,,,,
"2,5-Dimethyl-4-vinyl-hex-5-en-2,3-diol",96416,,,,,,,,
"5-Methyl-5-( 2'-propynyloxy)-1,2-octadien-7-yn-4-one",105693,,,,,,,,
4-Pyridinecarboxamide,211489,,,,,,,,
"5-oxo-5,6-secocholest-3-en-6-oic acid",90455,,,,,,,,
"3,3-dimethylpentane-2,4-dione ",145405,,,,,,,,
"(3R*,4R*)-3,4-Epoxy-7-hydroxy-1-phenylhept-1-yne",14288,,,,,,,,
"3-[(N,N-Diethylamino)carbonyl]-5-methylpyrazole",12511,,,,,,,,
"5-hydroxy-1-deutero-1,2-pentadiene",72013,,,,,,,,
"Cyclohexasiloxane, dodecamethyl-",3006260,,,,,,,,
"N,N-Diethyl-3-(2-pyridyl)-3-oxo-propionamide",3414,,,,,,,,
4-Isopropyloxazolidin-2-one,12874,,,,,,,,
"3-(t-Butyl)-4,4-dimethyl-1-penten-3-ol",559216,,,,,,,,
"1,3-Propanediamine, N'-(ethylcarbonimidoyl)-N,N-dimethyl-",1575489,,,,,,,,
"(R,R)-(+)-3-(2-Oxopyrrolidin-3-yl)butanoic acid",1232011,,,,,,,,
"trans-1,4-Diacetoxy-2-butene",1237032,,,,,,,,
"Octa-1,3,7-triene-3,4-oxide",867861,,,,,,,,
Ethyl 4-Methylheptanoate,1050271,,,,,,,,
"1,2-Ethanediol, monoacetate",940950,,,,,,,,
[(E)-1-butyl-2-hex-2-enylidene]cyanamide,533580,,,,,,,,
"2-Hydroxy-5-methylcyclohepta-2,4,6-trien-1-one",373270,,,,,,,,
"(2R,5R)-2-tert-Butyl-5-(N,N-dimethylaminomethyl)-1-aza-3-oxabicyclo[3.3.0]oc...",163247,,,,,,,,
"[3-Amino-1,2,2-trimethylcyclopentyl]methyl acetate",98853,,,,,,,,
"Butane, 2-isocyanato-",116312,,,,,,,,
4-Methyl-3-propylpyrrolidin-2-one,44178,,,,,,,,
(Z)-3-Methoxy-1-(4-chlorophenyl)-1-(methylseleno)propene,18143,,,,,,,,
"1,3-Benzenediol, o-(2-methoxybenzoyl)-o'-propargyloxycarbonyl-",50336,,,,,,,,
3-Ethyl-2-methyl-2-heptanol,267980,,,,,,,,
"trans-2,4-Bis(tert-butyldimethylsilyl)-1,3-dithietan-1,1,3,3-tetraoxide",24123,,,,,,,,
Methyl propargyl ether,359214,,,,,,,,
"1,5-Heptadiene-3,4-diol, 2-methyl-",432375,,,,,,,,
"(trans)-1,2,5-heptatriene",14149,,,,,,,,
3-Hexanone,341537,,,,,,,,
"(2R,4R)-2,4-dimethylhexan-1-ol",14749,,,,,,,,
2-13C-Methoxycyclohexane,72980,,,,,,,,
Methyl (E)-4-Hydroxy-6-methoxy-2-hexenoate,40335,,,,,,,,
"1-[1,2,4]Triazol-1-ylethanone",571262,,,,,,,,
(E)-2-(But-2-enyloxy)butan-2-one,141264,,,,,,,,
"4-hydroxy-4-(trifluoromethyl)-2,5-cyclohexadien-1-one",46416,,,,,,,,
Photocitral a ,174572,,,,,,,,
"N,N'-Dicyclohexyl-N,N'-diisopropyloxomalonamide",32398,,,,,,,,
"3-(Chloromethyl)-1,1,2,2-tetramethylcyclopropane",120481,,,,,,,,
6-Iodo-1-octene,78861,,,,,,,,
3-(o-Anisyl)-3-phenylpropenal,119727,,,,,,,,
"1,3-Dioxolane, 2-butyl-2-methyl-",466567,,,,,,,,
"Methane, isocyanato-",461513,,,,,,,,
Cyanopyrazine,1887271,,,,,,,,
Ethyl amino(phenyl)acetate,2680952,,,,,,,,
(E)-2-Tetradecen-1-ol,71123,,,,,,,,
5-Propyltetrahydropyran-2-one,57764,,,,,,,,
"(3R*,5S*,6R*)-3-Isopropyl-6-phenyl-5-(2,6-xylidino)-1,2,4-trioxane",34833,,,,,,,,
"meso-4,6-Dimethyl-2-(1'-ethoxycarbonylmethylene)-1,3-dioxane",81760,,,,,,,,
"2-(1-Propenyl)-2-n-butyl-1,3-oxathiane",42654,,,,,,,,
5-methyl-5-nitro-2-hexanone ,92309,,,,,,,,
N-Ethyl-2-isopropoxycarbonylazetidine,35441,,,,,,,,
Propanoic acid ,3600078,,,,,,,,
"3-Hydroxy-4-methoxybenzaldehyde, TBDMS",14871955,,,,,,,,
1-METHOXYBICYCLO(3.2.1)OCTANE,289727,,,,,,,,
"6-Methyl-2,6-heptadienal ",167500,,,,,,,,
"1,1,2,3-tetrmethylcyclobutane",122467,,,,,,,,
2-(Tetrahydropyran-2-yl)oxy-5-hexen-3-ol,363976,,,,,,,,
Decanoic acid,418530,,,,,,,,
"2,3,4-Trimethyl-2-pentanol",766961,,,,,,,,
2-[(1-Ethynyl-1-methyl-2-propenyl)oxy]ethanol,213229,,,,,,,,
"4-Cyclohexyl-5,5-dimethylcyclohexane-1,3-dione",326615,,,,,,,,
O-Isopropyl(Z)-S-4-Phenylbut-3-enyl Dithiocarbonate,10420,,,,,,,,
Dimethyl Sulfoxide,253760,,,,,,,,
"(S)-3,4-Dimethylpentanol",646991,,,,,,,,
"1,2,4-Triazin-3-amine, 5,6-dimethyl- ",369524,,,,,,,,
"1-(1,3-Dimethyl-1H-pyrazol-4-yl)ethanone",2713686,,,,,,,,
"Ethanamine, 2-(methylseleno)-",926792,,,,,,,,
"2-oxa-4-methylene-6-(methylethenylcarbonyloxy)-8-acetoxy-8,12-dimethyl-9,13-...",66673,,,,,,,,
1-Octanol,2522130,,,,,,,,
testosterone 17b-acetate TMS,44941,,,,,,,,
Methyl 4-trifluoromethyl-3-(2-chlorophenyl)-1H-pyrrole-2-carboxylate,876141,,,,,,,,
"5,5-Dimethyl-1-oxaspiro[5.5]undec-2-ol",17487,,,,,,,,
"Acetic acid, dodecyl ester",14435,,,,,,,,
"1-Methyl-3,4-diamino-cyclohexane",38102,,,,,,,,
3-ETHYL-PENTAN-2-OL ,29697,,,,,,,,
isopropyl(trans-2-methylcyclopentyl)isopropoxyborane,49108,,,,,,,,
"1-Methyl-1-(2,3-butadienyl)hydrazine",22738,,,,,,,,
"(5S,6R)-4,5-Dimethyl-6-phenyl-3,4,5,6-tetrahydro-2H-1,3,4-oxadiazin-2-one",56262,,,,,,,,
2-Methylpropyl-1-nitrile,48719,,,,,,,,
"2,3,4-Trimethyl-5-hexen-3-ol",660411,,,,,,,,
"trans-2-(2-Ethenylcyclohexyl)-2-methyl-1,3-dioxolane",443613,,,,,,,,
"2-(t-Butyl)-3-pivaloyl-1,3-oxazolidin-5-one",947093,,,,,,,,
"1-BENZYLOXYMETHYL-1-HYDROXYMETHYL-2,5-CYCLOHEXADIENE",35974,,,,,,,,
1-Deuterio-2-cyclohexenyl acetate,21773,,,,,,,,
Tetrahydrofurfuryl acrylate,38621,,,,,,,,
"2,2-Dimethylpropanoic anhydride",40597,,,,,,,,
3-Ethoxy-2-butanone,359439,,,,,,,,
"Ethanamine, N-methyl- ",158041,,,,,,,,
"Heptan-2,3,6-trione",62119,,,,,,,,
"1-(Methoxyphenyl)-4-phenyl-1,2,4-triazoline-3,5-dione",28643,,,,,,,,
"p-Toluic acid, 3,4-dichlorophenyl ester",659000,,,,,,,,
trans-1-Butyl-2-methylcyclopropane ,40515,,,,,,,,
Acetophenone,984710,,,,,,,,
"Benzene, isocyanato-",79476,,,,,,,,
4-(1-Methoxy-2-methylpropyl)pyridine,29190,,,,,,,,
"4,5,6,8-PTetramethoxy-2,3-dihydroindeno[1,2,3-ij]isoquinolin-9-ol",4014831,,,,,,,,
9-Hydroxyinalool,119829,,,,,,,,
"Pentane, 2-chloro-",602589,,,,,,,,
"1,2,6,8-Tetramethoxy-7-methyldihydrodibenzo[b,f]cyclohepten-5-one",751050,,,,,,,,
"Propanoic acid, butyl ester",58532,,,,,,,,
2-Vinylfuran ,764680,,,,,,,,
"syn-(1RS,2'SR(E))-2-(3'-Amino-2'-methylpropylidene)cyclohexanol",146656,,,,,,,,
2-[[4-Bromobut-2(E)-enyl]oxy]tetrahydropyran,32195,,,,,,,,
"2,6-DIHYDROXYBENZOIC ACID 3TMS",38532,,,,,,,,
2-Nitro-1-octanol,69626,,,,,,,,
Methylenecyclopropanecarboxylic acid,269388,,,,,,,,
"(E)-5,5-Difluoro-4-hydroxy-2-dodecen-6-one",42125,,,,,,,,
"Ethyl 4-oxo-5,5-dimethylhexanoate ",5918,,,,,,,,
2-Cyclopropyl-2-methyltetrahydrofuran,20911,,,,,,,,
1-Nonanol,491786,,,,,,,,
4-(2'-methyltetrahydrofuran-2'-yl)butanone,10673,,,,,,,,
"2,3-Dimethyl-2,3-butanediol cyclic carbonate",9151,,,,,,,,
"1,3-Benzenediol, o-(4-ethylbenzoyl)-o'-(3-methylbenzoyl)-",381435,,,,,,,,
(+-)-Methyl 1-(1-chloro-2-phenyl-2-oxoethyl)-1H-tetrazole-5-carboxylate,43301,,,,,,,,
Pent-4-enal,56288,,,,,,,,
2-Nitro-1-phenylpent-4-ene-1-one,42684,,,,,,,,
Phenylazomethane-amidoxime,22428,,,,,,,,
"exo-Tetracyclo[4.4.1.1(2,5).0(7,10)]dodeca-3,8-diene",20461,,,,,,,,
"3,3a,4,5,6,6a-hexahydro-3a-methoxy-4-methyl-3-(4-nitrophenyl)pyrrolo[2,3-d]-...",62929,,,,,,,,
"1-Propanol, 3-(methylthio)-",176870,,,,,,,,
cis and trans-3-(Fluorodimethylsilyl)cyclohexyl acetate,335024,,,,,,,,
2-Methyl-2-chloro-3-(chloromethyl)butyrolactone,69355,,,,,,,,
"Carbonic acid, monoamide, N-propyl-, benzyl ester",152773,,,,,,,,
"N-Perfluorobutylsulfonyl-2,3,5,6-tetramethylaniline",39522,,,,,,,,
2-(trans-2-Methyl-2-butenoxy)cycloheptene,89452,,,,,,,,
"1,3,5-Heptatriene, (E,E)-",17665,,,,,,,,
"2,6-Diisopropylfuran",68528,,,,,,,,
"spiro[2,3-dihydroxy-1-oxa-5-oxocyclopentane--4,3'-1',2',5',6'-tetramethylbic...",73372,,,,,,,,
"7-Methoxy-2,3-bis(methoxycarbonyl)-1-(2-chloro-4-pyridyl)-6-(cyclopentyloxy)...",33963,,,,,,,,
Ethylene glycol monoisobutyl ether,266730,,,,,,,,
2-Undecanol,422822,,,,,,,,
N-[(5-Methyl-5-hexenyl)-2-oxy]pyridine-2(1H)-thione,13981,,,,,,,,
Bis(1-norbornyl)mercury,70229,,,,,,,,
"1-D1-1,2,4-TRIAZOLE",122615,,,,,,,,
"Propanoic acid, hexyl ester",530996,,,,,,,,
"[1R-(1.alpha.,2.alpha.,6.alpha.)]3,7,7-Trimethylbicyclo[3.1.1]hept-3-ene-2-t...",105420,,,,,,,,
rac-r-3-Acetoxy-1-(4-methoxybenzyl)-C-5-(2-thiazolyl)-2-pyrrolidinone,11470,,,,,,,,
.gamma.-1-Acetoxyethyl-1-methyl-c-2-isopropenylcyclobutane,36959,,,,,,,,
1-METHOXY-BUT-2-YNE ,53455,,,,,,,,
Guanidine carbonate,78784,,,,,,,,
"3,7-Dioxo-4,8-dioxy-10-ethyl-1-tetradecene",200519,,,,,,,,
N'-(Iodotetrafluoroethoxytetrafluoroethyl)sulfonyl-N-(diethylamino)cyclopent...,16487,,,,,,,,
"1,6-Di-O-(Ethoxyethoxy)pseudo-D-arabinopyranose [2,3-Dibenzyloxy-1-(ethoxyet...",252097,,,,,,,,
"(R)-2-[3,3,3-D3]methylpropanoic acid",24481,,,,,,,,
Formamide,71375,,,,,,,,
"(4E)-2,2,4-Trimethylhex-4-en-3-one",9872,,,,,,,,
dispiro[3.0.3.3]undecane-9-one,89006,,,,,,,,
"(2R)-1,2-Dibenzyloxy-5-(1,3-dioxolan-2-yl)pentan-3-one",94948,,,,,,,,
"2,5-Hexanediol, 2,5-dimethyl-",132920,,,,,,,,
1-Chlorooct-2-yl acetate ,28654,,,,,,,,
"1,1,1-Trifluoro-4-ethoxybut-3-en-2-one",25507,,,,,,,,
"4,5-Dimethylocta-1,7-diene-4,5-diol",28725,,,,,,,,
"2-Methoxymethyl-5-trimethylstannylpyrrolo[1,2-c]pyrimidin-1(2H)-one",64901,,,,,,,,
"1,3-Bis(5-t-butylsilicyl)benzene",52561,,,,,,,,
S-Cyclopropyl Cyclopropanethiosulfonate,16634,,,,,,,,
"3-Buten-2-ol, 4-phenyl-",131035,,,,,,,,
3-Butylisobenzofuran-1(3H)-one,103080,,,,,,,,
"5-Decen-1-ol, acetate, (E)-",2870639,,,,,,,,
2-Azabicyclo[3.2.1]octan-3-one,1888593,,,,,,,,
"2-Pentyne, 5-methoxy-",20086,,,,,,,,
2-Methyl-7-nitrobenzo[b]furan,18732,,,,,,,,
2-OXOPROPIONAMIDE,98937,,,,,,,,
"Cyclotrisiloxane, hexamethyl- ",599204,,,,,,,,
6-Methylbenzimidazole-2-sulfonic acid,85970,,,,,,,,
(S)-.alpha.-Isopropyl-.beta.-nitropropanenitrile,126792,,,,,,,,
2-Methylpropanoic acid,103152,,,,,,,,
Pentanoic acid,493944,,,,,,,,
"2- and 4-(Trimethoxyacetoxy)-2,5,5-trimethyl-3-hexanone",84193,,,,,,,,
"(2,2-Diiodo-1-methoxyethynyl)benzene",66907,,,,,,,,
4-hydroxy-6-methyl-5-(3-methyl-2-buten-1-yl)-2-pyrrone,93569,,,,,,,,
(E)-Oct-2-en-4-one,157322,,,,,,,,
"Benzene, [(cyclohexyloxy)methyl]-",10823,,,,,,,,
"1-Acetyl-4,5-dihydro-1H-pyrazole",26214,,,,,,,,
(+-)-2-Octylvinyl carbonate,28535,,,,,,,,
(-)-Menthol Benzylsulfonate,68229,,,,,,,,
"Cyclopentane, 1-ethyl-2-methyl-",388017,,,,,,,,
"2-(2',2'-Dimethyl-1',3'-dioxan-4'-yl)-ethanol",22556,,,,,,,,
3-Tetradecanone,310152,,,,,,,,
"6,7-Dimethylquinoxaline",15664,,,,,,,,
3-Cyanooct-1-en-4-ol,12087,,,,,,,,
Phenylethyl Alcohol,434541,,,,,,,,
Quinoline,66883,,,,,,,,
"1,4-Butanediol",329260,,,,,,,,
"Propane, 2-isocyano-2-methyl-",10922,,,,,,,,
cis-3-[(1Z)-Butenyl]-2-vinyltetrahydrofuran,13167,,,,,,,,
4-n-Propylindan ,20435,,,,,,,,
"Benzenemethanol, 4-methyl-",1968009,,,,,,,,
Cyclododecane,4279810,,,,,,,,
N-(2'-Phenyl-4'-penten-1'-oxy)-4-(p-methoxyphenyl)thiazole-2(3H)-thione,35130,,,,,,,,
3-Pentadecanone,125719,,,,,,,,
1H-Pyrrole-2-carboxaldehyde,70117,,,,,,,,
"1,3-dihydro-1-(p-nitrostyryl)isobenzofuran",146831,,,,,,,,
"1-Methyl-3-(3,4-dimethoxyphenyl)-6,7-dimethoxyisochromene",259658,,,,,,,,
P-HYDROXYPHENYL ETHANEDIOL 3TMS,785292,,,,,,,,
3-Hexadecanone,371790,,,,,,,,
5-Chloro-3-(p-ethylphernyl)-2-nitrothiophene,222777,,,,,,,,
TETRACOSAMETHYLCYCLODODECASILOXANE ,998574,,,,,,,,
2-Pentadecanol,763887,,,,,,,,
Methyl threo-16-acetoxy-9(10)-iodo-10(9)-nitratohexadecanoate,21708,,,,,,,,
"(S)-3,9-dimethyl 6-(1-methylethyl) (E)-5,8-decadien 1-ol",58513,,,,,,,,
"2,7-Epoxymegastigma-4,8(Z)-diene",112230,,,,,,,,
"Cyclononasiloxane, octadecamethyl- ",319130,,,,,,,,
10-Undecen-1-ol,231175,,,,,,,,
5-Acetyl-2-methylpyridine,165537,,,,,,,,
"Propanoic acid, 3-(trimethylsilyl)-, methyl ester",41928,,,,,,,,
2-Heptadecanone,98513,,,,,,,,
"2-[1-(Methoxycarbonyl)azoethylidene]-5,6-dihydroimidazo[2,1-b]thiazol-3(2H)-one",3567,,,,,,,,
1-Dotriacontanol,22197,,,,,,,,
3-(1-Benzimidazolyl)quinoline ,13740,,,,,,,,
n-Decanoic acid,3814641,,,,,,,,
4-Quinolinol ,24799,,,,,,,,
"2,6-Octadien-1-ol, 3,7-dimethyl-, formate, (Z)-",138537,,,,,,,,
"Ethanol, 2-(3,3-dimethylcyclohexylidene)-",274333,,,,,,,,
"(R)-4-Methyl-6-(phenylmethoxy)hexane-1,4-diol",19868,,,,,,,,
"2,6,10-Dodecatrien-1-ol, 3,7,11-trimethyl-",940414,,,,,,,,
(2-(Hydroxymethyl)-3-allyl)trimethylsilane,73099,,,,,,,,
cis-2-[Bis(4-bromophenyl)methyl]-N-[3-(4-methoxyphenyl)methyl]-1-azabicyclo[...,93217,,,,,,,,
"1-Benzyloxy-2,6-dimethyl-8-(tetrahydropyran-2-yloxy)-(2E,6E)-2-octadiene",3292,,,,,,,,
"1,2-Benzenediol, o-(4-methoxybezoyl)-o'-(5-chlorovaleryl)-",67214,,,,,,,,
"1,3-Benzenediol, o-(2-furoyl)-o'-(2-methoxybenzoyl)-",58994,,,,,,,,
"4,7-Bis(trimethylsilyl)-4,7-dihydro[2.2]paracyclophane",47651,,,,,,,,
"2-Methyl-2-(methylaminomethyl)propane-1,3-diol",43162,,,,,,,,
"Benzonitrile, 4-(chloromethyl)-; 3-Cyanobenzylchloride; 4-(Chloromethyl)benzonitrile #",71238050,,,,,,,,
N-formyl-2-aminobenzaldehyde,22978,,,,,,,,
"10-Octadecenoic acid, methyl ester",100712,,,,,,,,
"1-aza-3-oxa-2,4,4-triphenyl-cyclopent-1-ene",15364,,,,,,,,
3-Methylene-4-methylpentan-1-ol ,35400,,,,,,,,
"1-(but-2'-ynoyl)-3,5-dimethylpyrazole",9632,,,,,,,,
"Phthalic acid, cyclobutyl isobutyl ester",73530,,,,,,,,
2-Ethyl-1-butyl methylphosphonofluoridate,76580,,,,,,,,
1-Methyl-1H-6-methoxybenzotriazole,15325,,,,,,,,
"5-methoxy-1,2,3-trimethylbenzene ",188011,,,,,,,,
"Benzoic acid, 2,5-bis(trimethylsiloxy)-, trimethylsilyl ester",56745,,,,,,,,
4-Ethylbenzoic acid,97909,,,,,,,,
6-n-Butyltetrahydropyran-2-one,21768,,,,,,,,
Tetradecanoic acid,176905,,,,,,,,
"Phthalic acid, butyl cyclobutyl ester",98704,,,,,,,,
4-Vinylbenzoic acid ,114316,,,,,,,,
"2-Propenoic acid, 3-phenyl-, 2-methylpropyl ester",55532,,,,,,,,
"Propanoic acid, 3-chloro-, 4-formylphenyl ester",29691,,,,,,,,
3-azido-2-hydroxy-N-(4-nitrophenyl)propane-1-sulfonamide,20221,,,,,,,,
"(4aR*,7aR*)-3,4a,7,7a-Tetrahydro-3,3-dimethyl-6,7-diphenyl-7-oxacycxclopenta...",17416,,,,,,,,
"1H-Indole, 2,3-dihydro-4-methyl-",104546,,,,,,,,
"2-Propanamine, 2-methyl-",,258916,,,,,,,
Dicyclohexyl ester of glutaric acid,,22034,,,,,,,
"Hexane, 2,3-dimethyl-",,607180,,,,,,,
3-(tert-Butylazo)-3-methylbutanoic Acid,,364185,,,,,,,
N-(1'-CARBOXY-2'-MERCAPTOETHYL)PHTHALIMIDE ,,13994,,,,,,,
"2-Heptene, 5-methyl-",,105830,,,,,,,
"(2S,3R)-3-Amino-4-phenylbutane-1,2-diol",,59605,,,,,,,
"3-Methyl-2,4,5-triphenyloxazolidine isomer",,5216282,,,,,,,
"(4E,7S)-7-Methoxydodec-4-enoic acid",,183893,,,,,,,
2-(Dioxolan-2-yl)-4-methyl-4-nitropentane,,49549,,,,,,,
"Furan, 2,2'-[oxybis(methylene)]bis-",,79378,,,,,,,
6-Iodo-1-heptene ,,16546,,,,,,,
Butynyl 2-propenyl ether,,297400,,,,,,,
Fumaronitrile,,1376478,,,,,,,
3-Methyl-1-(2-tetrahydropyranyloxy)-2-butene,,26639,,,,,,,
"Oxetane, 2,3,4-trimethyl-, (2.alpha.,3.alpha.,4.beta.)-",,332016,,,,,,,
N2-Acetyl-N1-formylhydrazide,,123994,,,,,,,
"2-Butanone, 3-methyl-",,5812776,,,,,,,
Propanal,,560637,,,,,,,
3-Ethyl-5-methyl-2(5H)-furanone,,330972,,,,,,,
"Cyclopentane, methyl-",,157173,,,,,,,
tert-Butyl-N-(2-fluoro-2-(1-methylvinyl)-4-pentylidene)amine,,162374,,,,,,,
(Z)-1-Amino-2-propananone -O-methyloxime,,36144,,,,,,,
5-Ethylhydantoin,,387951,,,,,,,
6-Bromo-1-(tert-butyldimethylsilyl)hexanol,,76324,,,,,,,
2- and 4-Acetoxy-2-methyl-3-hexanone,,274491,,,,,,,
Isobutyl acetate,,1040115,,,,,,,
"4-(2-Nitrophenyl)-1,2,3-thiadiazole",,206977,,,,,,,
(2-(2H(1)-4-Methoxyphenylethyne,,802870,,,,,,,
2-Propanol,,261130,,,,,,,
"3H-1,2,4-Triazol-3-one, 1,2-dihydro-",,18028,,,,,,,
"2-Butyl-1,3-dioxepan",,7345,,,,,,,
"Butane, 2,2-dimethyl-",,135627,,,,,,,
3-Hydroxy-N-propyl-pyrrolidine,,22754,,,,,,,
piperidine hydrochloride ,,40721,,,,,,,
3-Cyclopropyl-3-methyl-but-1-yne,,136912,,,,,,,
Dimethylphosphinic fluoride,,2297862,,,,,,,
"3t-Bromo-1-vinyl-1c,2r-cyclohexanediol",,44840,,,,,,,
"Acetic acid, 2-methylpropyl ester",,503569,,,,,,,
2-Butyne,,31519,,,,,,,
5-Propyl-2-pyrrolidinone,,187350,,,,,,,
2-Propyn-1-ol,,127781,,,,,,,
"2-Isopropyl-2,5-dihydrofuran",,40204,,,,,,,
"(-)-(3R,6S)-2,3,6-trimethylhepten-7-ol",,73554,,,,,,,
"3-Ethyl-1,4-dimethyl-1,3-cyclohexanediol",,84091,,,,,,,
Chlorotrifluoromethane,,50524,,,,,,,
1-vinyl-1-cyclopropyl ethyl ether,,137489,,,,,,,
N-(4-isoxazolyl)formamide ,,47626,,,,,,,
"1,2-Diisopropyl-1,2-diazetidine",,59783,,,,,,,
"(2'S,R,R)-(-)-3-[2'-(1-Ethyl-1-methoxypropy)-2-oxobipyrrolidinyl-3-yl]-3-hex...",,38337,,,,,,,
"Methanamine, N-methyl-N-nitroso-",,189938,,,,,,,
"Propane, 2-nitro-",,384603,,,,,,,
"N,N-Dibenzyl-2-aminoethanal",,45363,,,,,,,
4-Methylene-1-pyrazoline,,27896,,,,,,,
"Hexanal, 2-methyl-",,251705,,,,,,,
"Benzeneethanol, .alpha.-phenyl-",,104502,,,,,,,
p-Xylene,,1547982,,,,,,,
1-methoxy-2-aminocarbonyl-1-aza-cyclopropane,,13647,,,,,,,
"Benzaldehyde, 4-chloro-",,211616,,,,,,,
"(1R,2S)-N-Benzyl-2-hydroxy-7,7-dimethylbicyclo[2.2.1]heptane-1-sulfonamide",,512509,,,,,,,
"3-Methylbut-2-enoic acid, 4-nitrophenyl ester",,2065572,,,,,,,
(Z)-4-Methyl-2-pentenal ,,822442,,,,,,,
"(2S,2' S)-{N-[2'-(Methylamino)propionyl}bornane-10,12-sultam",,172485,,,,,,,
1-t-Butyldimethylsilylox-5-hydroxynon-8-ene,,14473,,,,,,,
2-Pyrimidinecarbonitrile,,16590,,,,,,,
"Butanoic acid, 3,3-dimethyl-",,6040951,,,,,,,
"3,5-Octanedione, 2,2,4,7-tetramethyl-",,248985,,,,,,,
"Tardioxopiperazine A [cyclo-L-alanyl-5-isopentenyl-2-(1',1'-dimethylallyl)-L...",,119175,,,,,,,
"4,4-Ethylidenedioxy-9-.alpha.-methanesulfonyloxy-5-methyltricyclo[6.3.0.0(1,...",,10395,,,,,,,
1-Cyclopentyl-3-acetoxypropan-1-one,,158044,,,,,,,
2-Formyl-5-fluoropyrrole,,13172,,,,,,,
(S)-(-)-2-Acetylaminopropan-1-ol,,146974,,,,,,,
2-Isopropyl-1-methylhexahydropyrimidine,,87736,,,,,,,
"2,2-Dichloro-3-phenylpropanal",,91804,,,,,,,
".omega.,.omega.-Diphenylhexane",,116528,,,,,,,
2-(Hydroxyethyl) isoamyl sulfide,,32250,,,,,,,
1-Pentene,,1065843,,,,,,,
"1,1-bis( Chloromethylboryl) ethane",,14867,,,,,,,
"t-Butyl 2-[3',3'-dicyano-2'-(4-methylphenyl)allylidene]-thiazolidine-3-carb...""",,51985,,,,,,,
"(+)-(2S,1R",,#VALUE!,,,,,,,
"cis-4-Methylcyclohex-3-ene-1,2-diol",,12263,,,,,,,
2-Oxocyclopentanecarboxamide,,22235,,,,,,,
( 18-O )-.beta.-Propiolactone,,64716,,,,,,,
"3,6-Heptanedione",,331846,,,,,,,
"8-(R,S)-Pentyloxocan-2-one",,45671,,,,,,,
2-[13C]-2-Tetrahydrofuryl-methanol,,68073,,,,,,,
"chloro[(1,1-dimethylethyl)dimethylsilyl]methyl chloride",,27143,,,,,,,
Ethyl Azacyclopentane-2-ylideneacetate,,371335,,,,,,,
N-3-Oxopropylcrotonylamide,,629780,,,,,,,
"Acetic acid, 2-ethylbutyl ester",,357395,,,,,,,
"cis-1,4-Dicyano-6,6,8,8-tetramethyl-7-oxo-2,3-benzo-cis-bicyclo[3.3.1]nonane",,202282,,,,,,,
(S)-(+)-2-(1-Ethoxyethoxy)-1-propanol,,754139,,,,,,,
"1-acetoxy-3,3-dimethyl-2-butanone ",,349352,,,,,,,
(R)-(+)-1-(3-tetrahydrofuryl)-1-oxo-2-hexyne,,4368,,,,,,,
2-(But-2'-yn-1'-yloxy)-tetrahydropyran,,107342,,,,,,,
N-Glyoxyloyl-[(S)-proline - benzyl ester],,63665,,,,,,,
"2-Butanone, 3-methyl-1-phenyl-",,80331,,,,,,,
"Ethane, hexafluoro-",,323060,,,,,,,
N-(2-Propenyloxymethyl)piperidine,,149060,,,,,,,
(3-Fluorophenoxy)amine,,44287,,,,,,,
Levulinamide,,64357,,,,,,,
2-But-1-enyltetrahydrofuran,,27737,,,,,,,
3-Ethoxy-1-(2-propenoxy)-2-propanol,,3755,,,,,,,
"2,2-Difluoro-3-methylbutane",,318502,,,,,,,
(+-)-2-Acetylaminopentyl acetate,,62720,,,,,,,
O-Vinyl - Dimethylglyoxime,,2123579,,,,,,,
"Heptane, 3,4,5-trimethyl-",,3915363,,,,,,,
"4-(2'-Hydroxyethyl)-2,3-dihydro-1H-indole",,134342,,,,,,,
"Methyl 3-(tert-Butyldimethylsilyloxy)-6-[(1,3)dioxan-2-yl]-2-methoxybenzoate",,360117,,,,,,,
"(E)-3-Ethylidene-2',2',5,5-tetramethylspiro[bicyclo[2.1.0]pentane-2,5'-[1,3]...",,4217,,,,,,,
"N,N-Dimethyl-4,5,6,7-tetra-O-acetyl-2,3-anhydro-D-glycero-L-galo-heptonamide",,125668,,,,,,,
"Oxetane, 3,3-dimethyl-",,298154,,,,,,,
"Pyrazine, methyl-",,677614,,,,,,,
"3-Octen-2-one, (E)-",,40507,,,,,,,
methyl 2-nitropropanoate,,335491,,,,,,,
3-Nonanol,,352703,,,,,,,
"(1R,2S)-Amino-2-methyl-4-phenyl-1-pentanol-1",,17580,,,,,,,
cis/trans-5-Phenyl-2-tetrahydrofurylmethyl 2'-pyridyl sulfide,,42872,,,,,,,
O-Methylsulphonylacetoxime ,,3533,,,,,,,
2-Methyl-1-trichloromethylbutanol,,29925,,,,,,,
"1,2-Dimethyl-5-(2-propyl)cyclohexanol",,27162,,,,,,,
2-(1-Ethylthiobut-2-enyl)cyclohexanone,,23070,,,,,,,
1-butylethanoate,,355003,,,,,,,
"Methyl ester of 2S-(1,2,3,4,4a,5,6,7,8,8a.alpha.-Decahydro-1.alpha.,5.beta.-...",,229379,,,,,,,
"2-[t-3'-Methoxy-1',2',3'-trimethyl-r-1'-cyclopentyl0propanedinitrile",,120292,,,,,,,
"Hexane, 3-ethyl-4-methyl-",,189723,,,,,,,
"(1R*,5S*)-1-[3'Methylbutyl]-5-hydroxy-2,2-dimethylcyclopentyl methyl ketone",,40276,,,,,,,
"METHYL 10,11-EPOXY-3,11-DIMETHYL-7-TRIFLUOROMETHYLODECA-2,6-DIENOATE",,78885,,,,,,,
"Pentanal, 2-methyl-",,399433,,,,,,,
1-Chloro-3-pentan-4-one cyclopentane,,363512,,,,,,,
"trans-Methyl 2-methyl-3-(2-hydroxyphenyl)-3,4-dihydro-1(2H)-isoquinoline-4-c...",,75062,,,,,,,
"(1R*,2R*)-1,2-Dimethylcyclohexan-1-ol",,28241,,,,,,,
"5-Ethyl-1,2,3,4-thiatriazole",,384596,,,,,,,
"2,2-diethyl-1-germa-2-silabutane ",,389133,,,,,,,
(R)-S-Ethylthio mandelate,,12713,,,,,,,
Cyclooctylhydroperoxide,,110836,,,,,,,
10-ANGELOYL-DESACETYL-ISOAPRESSIN,,109266,,,,,,,
Diallyl malonate,,96640,,,,,,,
"(1R,3R)-3-Acetyl-2,2-dimethylcyclobutaneacetaldehyde",,419034,,,,,,,
"3,3-Dimethyl-1-cyclohexenyl acetate",,664796,,,,,,,
3-(Azidomethyl)cyclohexene,,36611,,,,,,,
"N,N-Bis[2-(deuteriomethyl)hexyl]ethylenediamine",,318078,,,,,,,
"2-(Oxolan-2-yl)-1,2-oxazinane",,2366326,,,,,,,
"(E)-Ethyl 2,2-difluoro-4-phenylbut-3-enoate",,11647,,,,,,,
"Methanamine, N,N-dimethyl-",,128415,,,,,,,
"2-[4'-(5,5-dimethyl-1,3-dioxan-2-yl)-2'(Z)-butenyl]-4,4,5,5-tetramethyl-2-bo...",,45660,,,,,,,
"2,7-Octanedione",,166264,,,,,,,
Octyl chloroacetate ,,91865,,,,,,,
"Imidazo[4,5-d]imidazole, 1,6-dihydro-",,2755149,,,,,,,
"Carbamic acid, (2-hydroxy-1-methylethyl)-, 1,1-dimethylethyl ester, (s)-",,52749,,,,,,,
1-methoxypentadecan-3-one,,211553,,,,,,,
(R)-2-Isopropyloxirane-2-carboxamide,,19096,,,,,,,
"4-isopropyl-7,8-dioxabicyclo[4.2.2]deca-2,9-diene ",,6906,,,,,,,
4-(2-tetrahydropyranyl)oxybutanal,,100874,,,,,,,
"2-Hydroxy-2-methylpropyl 3,3-dimethylbutanoate",,109885,,,,,,,
4-Methoxy-2-(4'-Methylbenzenesulfonyl)-5-endo-nitro-3-oxo-2-azabicyclo[2.2.2...,,84781,,,,,,,
"13,14,15,16-Tetranor-8(17)-labden-12-al",,130614,,,,,,,
"2-(p-Fluorophenyl)-8-[2'-phenylethenyl]-6-methyl-imidazo[1,2-a]pyridine",,128389,,,,,,,
"3-(2-(2-METHYL-3-ALLYL-1,1-ETHYLENEDIOXYCYCLOPENTAN-2-YL)ETHYL)-1,5-HEXADIYNE",,52535,,,,,,,
"(R)-4-( 1',1'-Dimethylethyl)-1,3,2-dioxathiolane-2-one",,33222,,,,,,,
5-Cyclohexyl-2-pyrrolidinone,,9350,,,,,,,
"N-tert-Butylazoxy-N,N-dimethylcarboxamide",,23869,,,,,,,
2-Phenyl-[2-[tetrahydropyranyl]oxy]ethanol,,46984,,,,,,,
4-Iodo-2-methylbut-1-ene,,74117,,,,,,,
2-methoxy-1-(1-methoxyethyl)cyclopentanol,,162245,,,,,,,
trans-bicyclo[4.2.0]octane ,,287107,,,,,,,
"N,N'-Dibutyl-carbodiimide",,693982,,,,,,,
"(4S,E)-4-Methyl-2-hexen-1-ol",,532632,,,,,,,
"(7S*,8R*)-7-Butyl-8-(1-methylethenyl)-5,5-dimethyl-2,-phenylperhydro[1,2,4]t...",,7699,,,,,,,
"1-Methyl-1H-1,2,4-triazole",,22086,,,,,,,
1-METHOXY-1-(TRICHLORMETHYL)CYCLOPENTANE,,2047,,,,,,,
Dimethyl trisulfide,,12964590,,,,,,,
"trans-2-Amino-1-[N-(2,4,6-trimethylphenylsulfonyl)amino]cyclohexane",,264903,,,,,,,
"4-Pentyl-2,3-dihydrofuran",,115303,,,,,,,
"2-Vinyl-1,3-dioxacyclopentanium",,113486,,,,,,,
"4,5-Dioxononanal",,12895,,,,,,,
2'-Methyl-2'-propenyl 2-Propynaoate,,22566,,,,,,,
3-Penten-2-one,,59165,,,,,,,
"2,5-Furandione, dihydro-",,181621,,,,,,,
4-methoxymethoxybut-2-yne ,,823,,,,,,,
"1,1,1-Trifluoro-2-(trifluoromethyl)-3-[3',3',3'-trifluoro-2'-(trifluoromethy...",,58524,,,,,,,
"1,3-Dimethyl-2,4-dioxo-6-(phenylcarbamoyl)-8-phenyl-1,2,3,4-tetrahydro[1.2.4...",,160835,,,,,,,
(2S)-3-methyl-2-butanol ,,181276,,,,,,,
3-(Methoxymethoxy)cyclohexene ,,210081,,,,,,,
"Cyclopentane, 1,2-dimethyl-, trans-",,1081720,,,,,,,
TRICHLORETHANE,,258444,,,,,,,
"1,3,3a,4,5,6,7,8,9,9a-Decahydro-4,9-epoxybenzo[f]isobenzouran-1,3-dione",,330417,,,,,,,
"2,5-Dipentyl-(pehydro)-quinoline",,47313,,,,,,,
"1-(Pent-4-ynyl)pyrano[3,4-b]indol-3-one",,55914,,,,,,,
"N,N,N-Trimethyl 1-(2-Methylenecyclooct-1-yl)methyl ammonium iodide",,565337,,,,,,,
2-Methyl-1-methylsulfanyl-oct-3-en-2-ol,,279739,,,,,,,
methyl 1-hydroxycyclopentane-1-carboxylate,,109237,,,,,,,
3-Ethyl-2-hydroxytetrahydrofuran,,977371,,,,,,,
"1,6,6-Trimethyl-2-(3-furyl)tricyclo[3.4.0.0(2,9)]nonan-3-one",,586131,,,,,,,
5-{Ethoxycarbonyl}-N(1)-[2'-(N,,42170,,,,,,,
"[6-13C]-(2S,4S)-5-Chloroleucine",,18603,,,,,,,
1-(2-Methoxyethenyl)cyclopropane,,23198,,,,,,,
"4,5,6,7,8,9-Hexahydro-1-methyl-3,10-dimethylcycloocta[d]pyridazinium tetrafl...",,107690,,,,,,,
Bicyclo[3.3.0]oct-1(2)-en-3-one ,,300794,,,,,,,
"Pyridine, 2,3,6-trimethyl-",,1823222,,,,,,,
Methyl 3-(Benzylamino)-2-methylpropanoate,,509854,,,,,,,
"(E,E)-3,7-Dimethyl-1-(methoxymethoxy)-1,6-octadien-3-ol",,47028,,,,,,,
"(+)-(1S)-2-(3,4-Dimethoxyphenyl)-1-(3-methoxyphenyl)ethylamine",,60742,,,,,,,
"Ethanone, 1-(2-furanyl)-",,21776,,,,,,,
"2-Pyridinecarboxylic acid, methyl ester",,3475,,,,,,,
"Disulfide, diphenyl",,17891,,,,,,,
"2-Butenoic acid, 2-methoxy-, methyl ester, (Z)-",,114329,,,,,,,
METHYL(+)-8-EPI-9-OXO-11.ALPHA.-TETRAHYDROPYRANYLOXY-15.BETA.-HYDROXY-19.ALP...,,24844,,,,,,,
methyl hydrogen 2-(methoxymethyl)-2-methylmalonate,,79220,,,,,,,
4-(Tetrahydrofuranyl-2-oxy)-4-methyl-2-pentanone,,30880,,,,,,,
Dihydro-4-acetoxy-2(3H)-furanone ,,38624,,,,,,,
1-mercapto-2-methoxycarbonylaminobut-3-ene,,6818,,,,,,,
2-Acetonyl-2-ethyloxirane,,40553,,,,,,,
"3-Acetyl-2,5-dimethyl furan",,736037,,,,,,,
"Benzene, 1,3-bis(1,1-dimethylethyl)-",,5897146,,,,,,,
Benzyl 4-fluoro-2-butynyl ether,,427908,,,,,,,
3-Methylpentyl acetate,,2194227,,,,,,,
"2-Heptanone, 6-methyl-",,2602185,,,,,,,
7-Hydroxymethyl-1-azabicyclo[4.3.0]nonane isomer,,49018,,,,,,,
N-[2-Methyl-1-phenylpropyl]formamide,,96608,,,,,,,
"Ethane, 1,1',1''-[methylidynetris(thio)]tris-",,52029,,,,,,,
"TRANS-2,5-DIMETHOXY-3-HEXENE ",,399207,,,,,,,
3-(Hydroxymethyl)-2-cyclopentenone,,696943,,,,,,,
Ethyl N-cyano-N-methylcarbamate,,316462,,,,,,,
"Octanoic acid, ethyl ester",,2015567,,,,,,,
Desoxyanisoin ,,397384,,,,,,,
(E)-Ethyl 3-iodo-3-decenoate,,246775,,,,,,,
"2-(1-Methylethenyl)-5-methyl-N,N-bis(1-methylethyl)-4-hexenamide",,3799,,,,,,,
L-Proline,,190417,,,,,,,
"1-Heptanol, 2,4-dimethyl-,",,1045890,,,,,,,
"1,4-Bis[2-[2-(dimethylamino)etoxy]ethenyl]benzene",,25032,,,,,,,
4-(Nitromethyl)anisole,,6423,,,,,,,
(E)-5-Hydroxy-5-methylhex-2-en-4-one,,266240,,,,,,,
(Z)-1-(phenylthio)oct-2-ene ,,23924,,,,,,,
"4-[2-(6-(4-Morpholinyl)-1,2-benzisoxazol-3-yl)ethyl]-1-piperidinecarboxylic ...",,37104,,,,,,,
6-Nitrobenzo[b]furan,,747,,,,,,,
cis-2-(1'-Chloro-1'-methylethyl)-5-methyltetrahydrofuran,,22969,,,,,,,
1-benzoyl-2-(dimethylamino)propane,,74280,,,,,,,
"3-Heptanone, 2,4-dimethyl-",,321517,,,,,,,
Tetrahydrofurfuryl propionate,,169655,,,,,,,
"1,1-dimethylethyl 3-oxo-2-methylenepentanoate",,91904,,,,,,,
"Cyclobuta[1,2-d:3,4-d']bis[1,3]dioxole, tetrahydro-, (3a.alpha.,3b.beta.,6a.beta.,6b.alpha.)-",,61039,,,,,,,
"MIXTURE OF TRANS-AND CIS-7-HYDROXY-3,7-DIMETHYL-2,4,8-NONATRIEN CARBOXYLIC ACID",,28519,,,,,,,
"3,3-(Ethylenedioxy)octanal ",,42371,,,,,,,
"(1RS,3RS)-2-Methylcyclohexan-1,3-diol",,845548,,,,,,,
"Acetic acid, octyl ester",,7018280,,,,,,,
6-hepentonitrile ,,262220,,,,,,,
"4a,8b-trans-2,2,7,7,9-pentamethylperhydro-4,5,8a,9a-tetraazafluorene",,13464,,,,,,,
"7.BETA.,3.ALPHA.-DIHYDROXY-1.ALPHA.-2,6-CYCLOHIMACHALANE",,951896,,,,,,,
"2,2-Dimethyl-5-(3-methyl-2,2-pentamethylenehexahydropyrimidin-1-ylmethylene)...",,61499,,,,,,,
"3,6-Dihydro-1-methyl-6-[1'-(2'-methylindolyl)]pyridin-2(1H)-one",,40682,,,,,,,
ISOVALERALDEHYDE PROPYLENE GLYCOL ACETAL,,240989,,,,,,,
2-Deutero-benzobicyclo[2.2.2]octadiene,,114703,,,,,,,
"Butanal, 2-ethyl-",,1614961,,,,,,,
4-Diethyoxyphosphinyl-2-phenyl-1(2H)-benzopyran,,44123,,,,,,,
3-Ethyl-4-methyl-3-heptanol,,401640,,,,,,,
"Sulfurous acid, butyl isobutyl ester",,399313,,,,,,,
Benzaldehyde,,4504110,,,,,,,
1H-Pyrrole,,42647,,,,,,,
propionylcarnitine oxylactone,,62000,,,,,,,
"N-[(2E),(1S)-1-(Methylethyl)-5-oxohex-2-enyl](tert-butoxy)carboxamide",,22102,,,,,,,
2-Acetyl-4-azido-3-methoxybutyric acid methyl ester,,20567,,,,,,,
"2-Oxo-4-phenyl-6-(4-chlorophenyl)-1,2-dihydropyrimidine",,63921,,,,,,,
( 18-O )-.beta.-Butyrolactone,,31979,,,,,,,
"(S)-3-sec-Butyl-1,5-bis(1,3,3-trimethyl-2-indolinyl)pentamethi-mium-perchlorate",,10783,,,,,,,
3-Methylpyrrole-2-carbaldehyde ,,24220,,,,,,,
"5,5-DIMETHYL-2-OXAZOLIDINONE ",,634699,,,,,,,
2-[(benzyloxy)methyl]-4(5)-methylimidazole,,25686,,,,,,,
"1,5-Heptadien-4-one, 3,3,6-trimethyl-",,61488,,,,,,,
(S)-2-[1-Ethyl-1-methoxypropyl)-1-[1-(3-methylbut-2-enyloxymethyl)-1-propyli...,,32567,,,,,,,
1H-Imidazol-2-amine,,62951,,,,,,,
"6-Deuterio-1,3-hexadien-5-yne",,6122,,,,,,,
"2,4-Dimethyl-6-(2-methylphenyl)pyridine-1-oxide",,204258,,,,,,,
4-nitrophthalamide ,,14244629,,,,,,,
"Methyl (2R,3R)-(+)-2,3-Epoxy-2-methylbutanoate",,584715,,,,,,,
2-Methyl-tetrahydropyridin-4-one,,202442,,,,,,,
"2,3-Dihydro-2-methyl-5-ethylfuran ",,295917,,,,,,,
(Z)-1-Iodo-5-tert-butyldimethylsilyloxypent-1-ene,,62981,,,,,,,
1-Methyl-1-nitrocyclohexane,,99616,,,,,,,
"2,4-dimethyl-4-formyl-2-butenolide",,215316,,,,,,,
2-Phenyl-2-hexanol,,32350,,,,,,,
"Methane, sulfinylbis-",,151433,,,,,,,
Cyanogen chloride,,107985,,,,,,,
1-Pentylprop-2-ynyl Acetate,,147744,,,,,,,
"4,5-dihydro-2-methyl-4-(1-methylethyl)oxazole",,213347,,,,,,,
Isobutyl acrylate,,132982,,,,,,,
"N,N'-Diisopropylideneguanidine",,745344,,,,,,,
"2,2-Dimethoxy-5,5-di-n-propyl-1,3,4-.deta.(3)-oxadiazoline",,38049,,,,,,,
"Formic acid, hexyl ester",,848763,,,,,,,
"N,N'-Bis(5-methyl-1H-pyrazol-3-yl)oxaldiamide",,19272,,,,,,,
"(2R*,1'R*,2'R*)-2-(2'-Chloro-1'-hydroxycyclohextyl)-2-phenylacetic acid",,1184964,,,,,,,
"2-(4'-Nitrophenyl)quinoxaline-1,4-dioxide",,2960428,,,,,,,
Ethyl 2-(2-Benzoylphenyl)propanoate,,74984,,,,,,,
(R)-.beta.-Propyl-.gama.-butyrolactine,,467771,,,,,,,
"1,1'-Ethylenedi-2-imidazoline",,13107,,,,,,,
"2-ACETOXY-1-ACETYL-6-(1-ADAMANTYL)THIO-3-HYDROXY-3,5-DIMETHYL-1,2,3,6-TETRAH...",,77554,,,,,,,
"4,8-Bis(benzylamino)-2-(2-hydroxyethylamino)pyrimido[5,4-d]pyrimidine",,39373,,,,,,,
"3,4-Dihydroxyphenylglycol, 4TMS derivative",,118347,,,,,,,
"12.BETA.-OCTAHYDROINDOLO[2,3-A]QUINOLIZINE",,83553,,,,,,,
"7-(2-Methyl-1,3-dithiolan-2-yl)heptyl pivalate",,98561,,,,,,,
1-Octen-4-ol,,383057,,,,,,,
"S-[3-(4-Methylphenyl)-1-methylthio-3-oxopropenyl]-S,S-dimethylsulfinylinium ...",,35558,,,,,,,
"3,4-Dimethoxy-2,3-dimethyl-1-butene ",,20429,,,,,,,
"2,3-Undecandione ",,39128,,,,,,,
"Hexane, 3,3-dimethyl-",,60997,,,,,,,
"Boric acid (H3BO3), trimethyl ester",,58964,,,,,,,
"endo-1-methyl-4-isopropyl-bicyclo[2.2.2]octa-5-ene-2,3-dicarboxylic anhydride",,23841,,,,,,,
"1,1-D(2)-hexaspiro[2.0.3.0.3.0.3.0.3.0.3.0]tricosane",,276519,,,,,,,
"m-Toluic acid, 4-cyanophenyl ester",,580476,,,,,,,
1-(1-Hydroxycyclohexyl)-1-nonanone,,32561,,,,,,,
"(4E)-2,7-Dimethyl-4-octene-3,6-dione",,23079,,,,,,,
(R)-(-)-2-Ethylhexan-1-ol,,19888,,,,,,,
Butanoic acid,,128900,,,,,,,
5-[1'-(4''-Methoxyphenyl)methylidene]-3-chloro-4-(p-methoxyphenyl)-2(5H)-fur...,,285734,,,,,,,
"Ethanone, 2-(formyloxy)-1-phenyl-",,927113,,,,,,,
4-(N-Ethylamino)pent-3-en-2-one,,952614,,,,,,,
"6-Methoxy-3-phehylspiro[indane-1,7'(6'H)-pyrrolo[3,4-b]pyridin-5'-one",,2380898,,,,,,,
"3-Formyl-N-methyl-9-[phenylethynyl]dibenzo[2,3-a : 5,6-a'] (1,4)-thiazine",,4256538,,,,,,,
"8.alpha.,11-drimanediol",,148339,,,,,,,
cis-4-Methyl-3-cycloocten-1-ol,,205504,,,,,,,
5-Methyltetrahydrofuran-2-methanol,,96780,,,,,,,
N-Isopropyl-2-chloro-2-methyl-3-butylimine,,12559,,,,,,,
"Pentane, 2,3,4-trimethyl-",,376759,,,,,,,
"(R)-Dodeca-1,2-dien-4-ol",,103258,,,,,,,
"6,6'-Bis(N,n-dimethylamino)-2,2'-biquinoline",,507152,,,,,,,
"Decanoic acid, ethyl ester",,1306039,,,,,,,
"2-Methoxy-6-phenyl-6,6a,7,8-tetrahydro-9aH-furo[3,2-c]quinoline isomer",,19887,,,,,,,
"5,6-bis[(Triisopropylsilyloxy)methyl]dec-5-ene-1,3,7,9-tetrayne",,14037,,,,,,,
"4'-(n-decyloxy)phenyl 4-[(S,S)-2,3-epoxy-(S)-1-hydroxynonyl]-benzoate",,26801,,,,,,,
"5,6-DIHYDRO-2-METHOXY-4-METHYL-2H-PYRAN",,96224,,,,,,,
cis/trans-2-Cyclohexyl-5-methyltetrahydrofuran,,8865,,,,,,,
1-Cyclobutylcyclopropanol,,9921,,,,,,,
2-Methyl-2-cyclopenten-1-ol,,150269,,,,,,,
1-Acetyl-3-n-butyl[1]staffane,,28533,,,,,,,
"(2S,3R)-2-Methyl-2,3-epoxy-1-butanol",,29086,,,,,,,
"(+-)-(4.alpha.,5.beta.(E))-4-Methyl-5-(1-propenyl)-2-imidazolidinone",,161021,,,,,,,
"Acetic acid, decyl ester",,5794572,,,,,,,
"Cyclohexane, 1,2-dimethyl-, cis-",,4794945,,,,,,,
2-Cyanophenyl .beta.-phenylpropionate,,204308,,,,,,,
1-Isopropyl-2-((phenylthio)methyl)cyclopentene,,22950,,,,,,,
(S)-3-Phenylbut-3-en-2-ol,,15622,,,,,,,
N-Benzyl-N-methyl-alpha.-oxobenzeneacetamide,,42263,,,,,,,
3-Methylbut-2-noic acid prop-2-ynylamide,,3306,,,,,,,
Ethyl Hept-6-enoate,,34374,,,,,,,
"O-(1,1-diethylpropyl)selenofornate",,38203,,,,,,,
"2-Oxetanone, 4-methylene-",,16945,,,,,,,
"trans-1,4-Dimethoxy-2-butene ",,24575,,,,,,,
"(1S,2S)-1-Ethyl-2-methyl-3-oxobutyl propanoate",,80901,,,,,,,
t-Butylphosphonyl-bis[N-di(isopropyl)amide],,71323,,,,,,,
Dithiomethane,,625216,,,,,,,
"2-Hydroxymethyl-2-phenyl-1,3-propanediol",,50021,,,,,,,
"1-Methyl-2,3-dihydro-1H-pyrrolo[3,2-c]pyridine",,84783,,,,,,,
"Acetic acid, phenylmethyl ester",,3525820,,,,,,,
(Z/E)-2-Norboranone oxime,,295507,,,,,,,
Phidolopin ,,43381,,,,,,,
1-(6-Methoxypyridin-3-yl)but-3-en-1-ol,,126284,,,,,,,
8-Methyl-1-(phenylthiomethyl)cyclo-octene,,82172,,,,,,,
"3,3-Difluoro-2-hydroxy-2-phenyl-4-dodecanone",,39643,,,,,,,
"Cyclopropane, 1-methyl-2-pentyl-",,95376,,,,,,,
"(R)-2-(N,N-Dibenzylamino)-3-chloro-1,1,1-trifluoropropane",,948157,,,,,,,
2-Methyl-9H-cyclohepta[b]pyridine ,,33773,,,,,,,
"Cyclohexanol, 2-methyl-, acetate, cis-",,239489,,,,,,,
n-Butyraldoxime ,,75536,,,,,,,
3-Hydroxy-3-phenylpropanenitrile,,21877,,,,,,,
Ethyl N-cyano-N-pentylcarbamate,,198348,,,,,,,
"1-Pentanone, 1-(4-methylphenyl)-",,73371,,,,,,,
"4-Hexen-1-ol, 5-methyl-2-(1-methylethenyl)-, acetate",,1076661,,,,,,,
4-(Methylthiomethyl)phenol,,29248,,,,,,,
R-(-)-2-Butyl-n-octyl carbonate,,93609,,,,,,,
3-METHYLBUTYL HEXANOATE ,,70391,,,,,,,
"(2R,4S)-(-)-trans-4-Methyltetrahydro-5-oxo-2-furancarboxylic acid",,35831,,,,,,,
"Cyclopentane, 1-ethyl-3-methyl-",,569820,,,,,,,
(bromomethylsulfonyl)sulfene-quiniclidine-adduct,,52914,,,,,,,
Methyl [(R)-2-methanesulfonyloxy-3-(4-methoxy-benzyloxy)-propyl]malonate,,22969,,,,,,,
2-Oxazolidinethione,,15347,,,,,,,
"Propanoic acid, phenylmethyl ester",,326491,,,,,,,
"2,,5,5-Tetramethyl-3-oxacyclohexanone",,113961,,,,,,,
3-Chloroheptylacetate,,168911,,,,,,,
2-Iodo-4-methylphenyl 6-benzoyloxy-10a-methyoctahydrocyclopentaphenanthrene-...,,69924,,,,,,,
(R)-(+)-4-Iodo[2.2]paracyclophane,,87028,,,,,,,
Vinyl trans-cinnamate,,77506,,,,,,,
[(N-1-Chloroprop-2-en-2-yl)aminomethyl]benzene,,21122,,,,,,,
"1,2-Benzenediol, O-(4-ethylbenzoyl)-O'-propargyloxycarbonyl-",,40835,,,,,,,
p-Methylbenzyl acetate,,6805259,,,,,,,
"3-Decen-1-ol, acetate, (Z)-",,2827833,,,,,,,
1-Methyl-4-[(2-phenylpropenyl)sulfinyl]benzene,,11425,,,,,,,
"5,6,7,8-Tetrahydro-5,8-ethanoquinoxaline-6,endo,7-endo-diol",,30429,,,,,,,
"Benzofuran, 2-methyl-",,54859,,,,,,,
N-methyl-6-heptynamide,,192710,,,,,,,
Hexanoic acid,,292744,,,,,,,
4-[N'-(4-Dimethylaminobenzylidene)-N-methylhydrazino]benzaldehyde,,136053,,,,,,,
(Z)-Dec-4-enyl (E)-2-methylbut-2-enoate,,235237,,,,,,,
"meso-2,5-Dimethyl-3,4-hexanediol",,126718,,,,,,,
Ethyl (2-hydroxytetrahydrofuran-2-yl)acetate,,14506,,,,,,,
anti-4-Aza-B-homo-5.alpha.-cholestan-3-one,,39149,,,,,,,
Benzeneethanol,,133418,,,,,,,
"3,4,5,6-Tetrahydro-7-acetoxy-2-(1,3-dithian-2-yl)-9-(1,1-dimethylheptyl)-2,6...",,21138,,,,,,,
1-(p-Tolyl)ethyl acetate ,,20357,,,,,,,
(2)-7-DODECENOL ,,13324,,,,,,,
"2-Octanone, 1-phenyl-",,20963,,,,,,,
"1,1,1,3,5,7,9,11,11,11-Decamethyl-5-(trimethylsiloxy)hexasiloxane",,457734,,,,,,,
"1,12-Dodecanediol",,181656,,,,,,,
6-(4-Aminophenyl)-3-cyano-4-[4-(dimethylamino)phenyl]-2-methylpyridine,,120404,,,,,,,
3-Methylbenzyl alcohol,,1377138,,,,,,,
"(3S)-3-Phenyl-2,3-dihydro-1H-isoindol-1-one",,57674,,,,,,,
"Formic acid, decyl ester",,622216,,,,,,,
".alpha.,.alpha.'-diiodo-o-xylene ",,6245,,,,,,,
Bismethylene[6.3.2]propellanone Ethylene Ketal,,3216,,,,,,,
"(1.alpha.,4.alpha.,4a.alpha.,10a.alpha.)-1,4,4a,5,6,7,8,9,10,10a-decahydro-1...",,55964,,,,,,,
"5-(1-Ethoxyethoxy)ethyl-5-methyl-(5R)-1,3,2-dioxathiolane-2-dioxide",,20425,,,,,,,
"2-(3'-cyanobutyl)-1H-isoindole-1,3(2H)-dione",,17060,,,,,,,
"(2S,3S)-3-Azido-3-[(1-benzyloxy)cyclopropyl]-1,2-propanediol",,116562,,,,,,,
2-[2'-(p-Chlorophenyl)-1'-methylethenyl]-benzimidazole,,115297,,,,,,,
"1-Hydroxymethyl-6-methyl-5,7,8-trimethoxy-1,2,3,4-tetrahydroisoquinoline",,15026,,,,,,,
"Heptasiloxane, 1,1,3,3,5,5,7,7,9,9,11,11,13,13-tetradecamethyl-",,1039912,,,,,,,
"2,3-Dihydro farnesyl acetate",,376955,,,,,,,
"1,1,1,3,3,5,5,7,7,9,9-Undecamethylpentasiloxane",,300426,,,,,,,
"Acetophenone, 4'-amino-",,238525,,,,,,,
"1,1,1,2,3,3-Hexafluoroheptane ",,41357,,,,,,,
(+-)-.alpha.-Lycorane,,5906,,,,,,,
"1,6,10-Dodecatrien-3-ol, 3,7,11-trimethyl-, (E)-",,6292634,,,,,,,
"Oxazole, 2-phenyl-",,53854,,,,,,,
"4-Hexen-1-ol, 2-ethenyl-2,5-dimethyl-",,298609,,,,,,,
Benzyl pyridinium chloride,,11489,,,,,,,
"1,5,9-Decatriene, 2,3,5,8-tetramethyl-",,334558,,,,,,,
"[2-15N]-benzo[1,2,3]triazole",,6922,,,,,,,
"TRANS-4,5-DIMETHOXY-2-PENTENE ",,10122,,,,,,,
"p-Anisic acid, 4-nitrophenyl ester",,62154,,,,,,,
1-[(Phenylethyl)thio]-1-(methylthio)-2-nitroethene,,32308,,,,,,,
Cyclobutylmethanol,,135084,,,,,,,
cis-12-Octadecenoic acid methyl ester,,127574,,,,,,,
"Benzene, [ethoxy(1-propenyloxy)methyl]-, (E)-",,28820,,,,,,,
2-Nitro-2-methylcyclohexanone,,30579,,,,,,,
"Phthalic acid, isobutyl 4-octyl ester",,100374,,,,,,,
"trans-2,3-di(ethoxycarbonyl)-bicyclo[2.2.2]oct-5-ene",,69212,,,,,,,
1-[(p-Methylphenyl)amino]acetone Oxime,,12663,,,,,,,
"(3R,4S,1'S)-4-Methyl-3-[6',6'-ethylenedioxy-1'-dimethyl(phenyl)silylbutyl]ox...",,68982,,,,,,,
N-(Methoxymethyl)benzamide,,51992,,,,,,,
Cyclopropyl Phenyl Ketoxime,,6472,,,,,,,
Ethyl 4-(ethyloxy)-2-oxobut-3-enoate,,25217,,,,,,,
"1,2,2-TRIMETHYL-3-OXO-3-PHENYLPROPYL TOLUENE-P-SULPHONATE",,18397,,,,,,,
"(3S,5S)-3,5-Dihydroxy-3,5-dimethylheptan-4-one",,35350,,,,,,,
Dibutyl phthalate,,130402,,,,,,,
"(1R,2R)-10-Pyrrolidinoisoborneol",,24332,,,,,,,
"(S,S)-1,1-Diethoxy-N-(1-phenylethyl)-2-propanamine",,71681,,,,,,,
"N,O-Bis(methoxycarbonyl)-N-((1-cyclopropyl)benzyl)hydroxyamine",,50499,,,,,,,
"L-Alanine, N-benzoyl-, methyl ester",,39861,,,,,,,
2-(1'-Butyl-3-pyrazolyl) pyridine,,55541,,,,,,,
"(3R*,5S*,6R*)-5-Anilino-3-isopropyl-6-methyl-6-phenyl-1,2,4-trioxane",,24869,,,,,,,
2-formyl-3-methyl-4-ethynylpyrrole,,71034,,,,,,,
p-Methylphenyl 2-(o-methylphenyl)-2-propyl sulfone,,63665,,,,,,,
"tert-Butyl (3,5-di-tert-butylphenyl) sulfide",,26002,,,,,,,
