Name,EPI300_pCC1_ATF1_Ara,EPI300_pCC1_ATF1_Ara_iAAL
"(1,1-Dideuteriocyclopropyl)acetaldehyde ",51179,105021
"(2S,3S)-3-Azido-3-[(1-benzyloxy)cyclopropyl]-1,2-propanediol",137667,116562
"(3R*,4R*,5R*,6S*)-[(3,5-Dimethyl-4,6-bis-((tert-butyldimethylsilyl)oxy)-1-cy...",16254,84583
"(4S,6S,1E)-3-(Acetoxymethylene)-6,7-dihydroxy-7,11-dimethyldodeca-1,10-dien-...",26863,15548
"(E)-Deca-1,6-dien-3-one",55748,42073
(R)-(+)-1-(3-tetrahydrofuryl)-1-oxo-2-hexyne,24181,4368
(Z)-1-Amino-2-propananone -O-methyloxime,53802,36144
"1'-Deoxy-1'-(phenylsulfonyl)methylene]-2',3'-isopropylidene-.beta.-D-ribofur...",176702,35703
"1'-Deoxy-1'-(phenylsulfonyl)methylene]-2',3'-isopropylidene-.beta.-D-ribofur...",58067,90972
"1'-Deoxy-1'-(phenylsulfonyl)methylene]-2',3'-isopropylidene-.beta.-D-ribofur...",118260,90141
"1,1'-Ethylenedi-2-imidazoline",15996,13107
"1,1,1,3,5,7,9,11,11,11-Decamethyl-5-(trimethylsiloxy)hexasiloxane",869181,457734
"1,2-Benzenediol, O-(4-ethylbenzoyl)-O'-propargyloxycarbonyl-",154040,40835
"1,2-Benzenediol, O-(4-ethylbenzoyl)-O'-propargyloxycarbonyl-",59573,22966
"1,6,10-Dodecatrien-3-ol, 3,7,11-trimethyl-, (E)-",7267417,6292634
"1-(3,5-Dibromo-4-hydroxyphenyl)-3,3-dimethylbutan-2-one",49018,44198
1-(3-Methylbut-2-enyloxy)butan-2-one,18917,53635
1-(p-Methoxyphenyl)-3-phenyloxy-4-oxoazetidine-2-N-benzylN-methylenenitrone,37649,60339
1-(p-Methoxyphenyl)-3-phenyloxy-4-oxoazetidine-2-N-benzylN-methylenenitrone,28369,165932
1-(p-Methoxyphenyl)-3-phenyloxy-4-oxoazetidine-2-N-benzylN-methylenenitrone,161859,187621
1-(p-Methoxyphenyl)-3-phenyloxy-4-oxoazetidine-2-N-benzylN-methylenenitrone,61452,55133
1-[(p-Methylphenyl)amino]acetone Oxime,12135,12663
"1-[1-(Toluene-4-sulfonyl)-4,5-dihydro-1H-pyrrol-2-yl]but-2-en-1-one",32433,34410
1-Allyl-cyclohexanol,16550,30925
"1-Butanol, 3-methyl-, acetate",19548270,25547169
1-Cyano-2-methylbuten-3-one,83466,50096
1-Decanol,931411,135118
1-Isopropyl-2-((phenylthio)methyl)cyclopentene,17034,22950
1-mercapto-2-methoxycarbonylaminobut-3-ene,53212,6818
1-methoxypentadecan-3-one,26984,211553
"1-Methyl-2,3-dihydro-1H-pyrrolo[3,2-c]pyridine",292861,84783
1-Methyl-4-[(2-phenylpropenyl)sulfinyl]benzene,1683,11425
"1-Pentanone, 1-(4-methylphenyl)-",74929,73371
1-Pentene,27153,1065843
1H-Imidazol-2-amine,1925319,62951
2'-Methyl-2'-propenyl 2-Propynaoate,12673,22566
"2,,5,5-Tetramethyl-3-oxacyclohexanone",154540,113961
"2,2-dimethyl-1-nitropropane ",21127,32480
"2,3-Dihydro farnesyl acetate",440554,376955
"2,4-Di-tert-butylphenol",13215808,12638371
"2,7-Octanedione",3963641,166264
"2-(3'-cyanobutyl)-1H-isoindole-1,3(2H)-dione",28823,17060
"2-ACETOXY-1-ACETYL-6-(1-ADAMANTYL)THIO-3-HYDROXY-3,5-DIMETHYL-1,2,3,6-TETRAH...",109440,77554
2-Acetyl-5-methylthiophene,355740,288052
2-Acetylthiazole,1732960,1196741
2-Butanone,7292202,5975622
"2-Heptanone, 4-methyl-",2564530,27473511
"2-Methoxy-6-phenyl-6,6a,7,8-tetrahydro-9aH-furo[3,2-c]quinoline isomer",15623046,19887
"2-Octanol, 2-methyl-",4567335,3630767
2-Pentadecanone,9805280,8267759
2-Propanol,279925,261130
2-Tetradecanone,968625,772728
2-Tridecanol,1215165,1104961
2-Tridecanone,24250240,19099408
"3,3,6-trimethyl-2-methylene-4-oxo-2,3-dihydrofuro[3,2-c]pyran",75871,75258
"3,3-(Ethylenedioxy)octanal ",45050,42371
"3,4-Dihydroxyphenylglycol, 4TMS derivative",91847,118347
"3-(2-(2-METHYL-3-ALLYL-1,1-ETHYLENEDIOXYCYCLOPENTAN-2-YL)ETHYL)-1,5-HEXADIYNE",82315,52535
3-(Hydroxymethyl)-1-phenyl-1-heptadecyn-3-ol,1635688,645580
3-(Methoxymethoxy)cyclohexene ,226317,210081
"3-Acetyl-2-methyl-9b-(1-naphthyl)-3aH-benzo[e]cyclohexa[1,2-b]furan",293839,64117
"3-Acetyl-2-methyl-9b-(1-naphthyl)-3aH-benzo[e]cyclohexa[1,2-b]furan",19359,102039
"3-Acetyl-2-methyl-9b-(1-naphthyl)-3aH-benzo[e]cyclohexa[1,2-b]furan",84062,61243
"3-Acetyl-2-methyl-9b-(1-naphthyl)-3aH-benzo[e]cyclohexa[1,2-b]furan",155438,47985
"3-Decen-1-ol, acetate, (Z)-",3721798,2827833
"3-Formyl-N-methyl-9-[phenylethynyl]dibenzo[2,3-a : 5,6-a'] (1,4)-thiazine",3803383,4256538
3-Methyl-1-(2-tetrahydropyranyloxy)-2-butene,32899,26639
3-Penten-2-one,105206,59165
"3H-1,2,4-Triazol-3-one, 1,2-dihydro-",28696,18028
"3t-Bromo-1-vinyl-1c,2r-cyclohexanediol",71859,44840
"3t-Bromo-1-vinyl-1c,2r-cyclohexanediol",11966,11232
"4'-(n-decyloxy)phenyl 4-[(S,S)-2,3-epoxy-(S)-1-hydroxynonyl]-benzoate",22270,26801
"4,4-Dideuteriomethoxycyclohexane",47355,210402
"4,5-Dioxononanal",46716,12895
"4-Hexen-1-ol, 5-methyl-2-(1-methylethenyl)-, acetate",1397252,1076661
4-methoxymethoxybut-2-yne ,4813,823
4-Methyl-2H-pyran,288667,240347
4-nitrophthalamide ,14629742,14244629
4-Quinolinecarboxaldehyde,103125,126486
"5,6-bis[(Triisopropylsilyloxy)methyl]dec-5-ene-1,3,7,9-tetrayne",57032,14037
"5,6-bis[(Triisopropylsilyloxy)methyl]dec-5-ene-1,3,7,9-tetrayne",19508,27838
"5-(1-Ethoxyethoxy)ethyl-5-methyl-(5R)-1,3,2-dioxathiolane-2-dioxide",27933,20425
5-(2'-oxopropyl)isoxazole ,21446,195619
5-Cyclohexyl-2-pyrrolidinone,257623,9350
7-alpha-methacryloyloxy- or -tiglinoyloxy-9-beta-methacrycoyloxy-or -tigli…,5230,87818
Acetic acid,6585383,8458389
"Acetic acid, decyl ester",7031581,5794572
"Acetic acid, decyl ester",711766,504545
"Acetic acid, nonyl ester",1342123,892838
"Acetic acid, octyl ester",8598272,7018280
"Acetic acid, phenylmethyl ester",3638575,3525820
Acetone,15289700,11763707
Acetone,242704,1478203
"Acetophenone, 4'-amino-",284550,238525
"Benzene, 1,3-bis(1,1-dimethylethyl)-",8369756,5897146
Benzeneethanol,205325,133418
"Benzenemethanol, .alpha.-methyl-, propanoate",797927,738815
"Benzofuran, 2-methyl-",77653,54859
Benzoic acid,1001433,808446
"Benzoic acid, 3-methyl-, methyl ester",137657,134329
"Benzoic acid, methyl ester",2587125,2447681
Benzyl alcohol,8355827,5899872
"Butane, 2-methoxy-2-methyl-",329244,273225
Butanoic acid,136200,128900
"Carbamic acid, (2-hydroxy-1-methylethyl)-, 1,1-dimethylethyl ester, (s)-",53925,52749
cis-2-(1'-Chloro-1'-methylethyl)-5-methyltetrahydrofuran,29250,22969
cis-2-Carbomethoxy-4-[(1-chloro-1-methyl)ethyl]terahydrofuran,132609,60583
cis/trans-5-Phenyl-2-tetrahydrofurylmethyl 2'-pyridyl sulfide,22659,42872
"Cycloheptasiloxane, tetradecamethyl-",1668413,3241794
"Cyclohexasiloxane, dodecamethyl- ",10555419,2726935
"Cyclononasiloxane, octadecamethyl-",330548,613088
"Cyclooctasiloxane, hexadecamethyl-",659683,690034
Cyclooctylhydroperoxide,232688,110836
Cyclooctylhydroperoxide,149016,90449
Cyclopentadecanone,4714244,3949768
"Cyclopentasiloxane, decamethyl-",6467931,4455579
"Cyclopentasiloxane, decamethyl-",9735758,7635746
"Cyclotetrasiloxane, octamethyl-",4837567,6595167
"Cyclotetrasiloxane, octamethyl-",749266,15215830
"Decanoic acid, ethyl ester",1379851,1306039
Desoxyanisoin ,508687,397384
Dibutyl phthalate,77823,130402
Didehydro-7-[(trimethylsilyl)oxy*]-9-ketoabietic acid - methyl ester,967216,736682
Didehydro-7-[(trimethylsilyl)oxy*]-9-ketoabietic acid - methyl ester,962313,774368
Dimethyl ether,104966530,87012276
"Disulfide, diphenyl",153716,17891
Dodecanoic acid,699337,101512
"Dodecanoic acid, ethyl ester",1830331,1535342
"Ethane, hexafluoro-",371012,323060
"Ethanone, 1,1'-(1,4-phenylene)bis-",92863,73420
"Ethanone, 1-(2,3,4-trimethylphenyl)-",179256,201303
"Ethanone, 1-(2,4-dimethylphenyl)-",714560,541339
Ethyl 9-hexadecenoate,1251169,1109618
Ethyl 9-tetradecenoate,1955911,1617368
Ethyl Acetate,33877917,28086222
Farnesol ,107315,67814
"Formic acid, decyl ester",856861,622216
"Hexadecanoic acid, ethyl ester",646782,536582
"Hexane, 3,3-dimethyl-",136113,60997
"Hexane, 3-ethyl-4-methyl-",355369,189723
Indole,180704821,155210561
Isobutyl acetate,1969730,1040115
Isophthalaldehyde,607734,478588
Lauryl acetate,5579764,4222598
Levulinamide,100823,64357
"Methane, sulfinylbis-",284595,151433
"Methyl ester of 2S-(1,2,3,4,4a,5,6,7,8,8a.alpha.-Decahydro-1.alpha.,5.beta.-...",247780,229379
Methyl Isobutyl Ketone,2001073,1664827
"N-[(2E),(1S)-1-(Methylethyl)-5-oxohex-2-enyl](tert-butoxy)carboxamide",61792,22102
OCTADECAMETHYLCYCLONONASILOXANE ,371982,326838
"Octasiloxane, 1,1,3,3,5,5,7,7,9,9,11,11,13,13,15,15-hexadecamethyl-",7842782,6363695
"Octasiloxane, 1,1,3,3,5,5,7,7,9,9,11,11,13,13,15,15-hexadecamethyl-",4253000,3391003
"Octasiloxane, 1,1,3,3,5,5,7,7,9,9,11,11,13,13,15,15-hexadecamethyl-",1976484,1806718
"Oxazole, 2-phenyl-",58812,53854
"Oxetane, 2,3,4-trimethyl-, (2.alpha.,3.alpha.,4.beta.)-",1922587,332016
"p-Anisic acid, 4-nitrophenyl ester",70748,62154
p-Cresol,171550,151553
p-Methylbenzyl acetate,6999427,6805259
Phenol,266700,207254
piperidine hydrochloride ,48157,40721
Propanal,2285190,560637
"Propanoic acid, decyl ester",173361,123686
"Propanoic acid, ethyl ester",9997841,8761423
"Pyrazine, methyl-",896107,677614
"Terbutaline, N-trifluoroacetyl-O,O,o-tris(trimethylsilyl)deriv.",63958,41583
"tert-Butyl (3,5-di-tert-butylphenyl) sulfide",16800,26002
tert-Butyl-N-(2-fluoro-2-(1-methylvinyl)-4-pentylidene)amine,229786,162374
"Tetradecanoic acid, ethyl ester",2644355,1639658
Toluene,11376109,8459125
"trans-2,3-di(ethoxycarbonyl)-bicyclo[2.2.2]oct-5-ene",78385,69212
"trans-Methyl 2-methyl-3-(2-hydroxyphenyl)-3,4-dihydro-1(2H)-isoquinoline-4-c...",80399,75062
"(+)-(1R,4R,5S,6S)-5-exo,6-endo-dihydroxy-7-oxabicyclo[2.2.1]heptan-2-one",32944,
(+)-Coronafacic acid,7669129,
"(+-)-(1S,2E,4E)-1-Methylpenta-2,4-dien-1-yl acrylate",2829,
"(+-)-(2s*,3r*,4r*,5r*)-tetrahydro-5-isobuty-2,3-dimethyl-4-(phenylthio)-3-fu...",125256,
"(+-)-Ethyl 1,4,5,6-tetrahydro-5-hydroxy-5-methyl-6-oxo-2-pyridinecarboxylate",86367,
(-)-Asimilobine,5805500,
"(1's,3s)-3-hydroxy-3-phenyl-n-(1-phenylethyl)propionamid",55867,
"(1,1-Dideuteriocyclopropyl)acetaldehyde ",6758,
"(1R,2S,3R,5R)-2,5-Dimethylbicyclo[3.2.0]heptane-2.3-diol",346470,
"(1R,2S,5R)-5-Methyl-2-isopropylcyclohexyl (1R,4S)-2-Oxa-3-azabicyclo[2.2.2]o...",3869,
"(1R,2S,5R)-5-Methyl-2-isopropylcyclohexyl (1R,4S)-2-Oxa-3-azabicyclo[2.2.2]o...",38075,
"(1RS,2SR)-9-Oxa-11-azabicyclo[6.3.0]undec-5-en-10-one",159331,
"(1RS,6SR,8RS)-2-Aza-8-methyl-7-oxa-8-phenylbicyclo[4.2.0]octan-3-one",36008,
"(1S)-3-(3'-Acetoxy-1'-butynyl)-3-hydroxy-2,2,4-trimethylcyclohexyl acetate",171103,
"(1S,5S)-2-oxa-6-azabicyclo[3.3.0]octan-3-one",43867,
(2E)-4-(2-Hydroxyethoxy)-2-pentene,53786,
"(2E)-Penta-2,4-dienylcarbamic acid tert-butyl ester",384298,
(2R)-Cyclopentyl-1-phenyl-2-[(1S)phenylethylamino]ethanone,4752,
"(2R,4R)-2,4-dimethylhexan-1-ol",29812,
"(2R,4S,5R)-2-Iodomethyl-5-methyl-4-hydroxytetrahydrofuran",292421,
"(2RS,4S)-[5-c(13)]-leucine",42242,
"(2S*,3R*,4S*,5S*)-3-[(S)-(2'-Methoxy-2'-phenylacetoxy)]-4-ethyltricyclo[4.2....",865141,
"(3R*,4R*,5R*,6S*)-[(3,5-Dimethyl-4,6-bis-((tert-butyldimethylsilyl)oxy)-1-cy...",80994,
"(3R*,5S*,6R*)-3-Isopropyl-6-phenyl-5-(2,6-xylidino)-1,2,4-trioxane",104022,
(3S)-3-Hydroxy-2-pyrrolidinone,228879,
"(3S,4R)-4-Cyclohexyl-3-methylbutan-4-olide",145883,
"(3S,4S)-Hept-1-en-6-yne-3,4-diol",360345,
"(3S,5aS/R)-3-Pivaloyloxymethyltetrahydropyrrolo[1,2-b]oxaziridine",97325,
"(3SR,4SR,5RS)-5-Hydroxy-2,4-dimethylheptyl isobutanoate",10615,
"(4R)-5,5-Dimethyl-4-hydroxyhept-6-en-3-one",163532,
"(4R)-5,5-Dimethyl-4-hydroxyhept-6-en-3-one",35494,
(4S)-4-Hydroxy-1-pyrroline-N-Oxide,92165,
"(4S)-4-Methyl-2-nitro-1,3-hexanediol",266046,
(4S)-4-tert-Butyl-3-[(E)-4'-ethoxy-2'-oxo-3'-butenoyl]oxazolidin-2-one,15766,
"(5R*,6R*)-5-Ethenyl-5-propyldodecan-6-ol",267933,
"(anti,syn)-2-Hydroxy-5-ethylcyclopent-1-enecarboxylic acid methyl ester",84234,
"(cis)-3-Hexene-2,5-dione ",1504823,
(Cyanomethyl)cyclohexane ,24272,
"(E)-1,3-butadienyl-thiocyanate",120611,
(E)-1-(2-Tetrahydropyranyloxy)-6-nonene,16966,
(E)-1-[2-(Trimethylsilyl)ethynyl]-2-t-butoxycyclopropane,65095,
(E)-3-Hexenyl (t-Butyl) Carbonate,26153,
(E)-3-Propyl-2-hepten-1-ol,35708,
"(E)-6-Butyl-1,6-nonadiene",122300,
"(E)-Deca-1,6-dien-3-one",37657,
"(E)-Deca-1,6-dien-3-one",30704,
(E)-Methacrolein oxime,10736,
(E)-Methacrolein oxime,10532,
(E)-trimethyl(pent-3-en-2-yl)stannane,23260,
"(E,E)-1,4-Bis[(trimethylsilyloxy]buta-1,3-diene",16720,
"(E/Z)-2-(3-Ethoxy-1-methyl-2-propenyl)-2-methyl-1,3-cyclopentanedione",42440,
(E/Z)-3-Isopropoxy-2-pentene,43768,
"(R)-2-(1-(1-Naphthyl)ethoxy)-1,3-dimethyl-1,3,2-diazaphosphopholane",23183,
(R)-2-benzyloxy-1-tert-butyldiphenylsilanyloxy-3-(4-methoxy-benzyloxy)-propane,44935,
(S)-(+)-5-sec-Butyl-2-pyrimidinol,49659,
(S)-2-Mercapto-1-phenylethanol,25071,
"(S)-3,4-Dimethylpentanol",379276,
(S)-3-Ethyl-4-methylpentanol,1189589,
(S)-4-Methyl-.gamma.-butyrolactoneone,68300,
"(S)-6-Methoxycatrbonylmethyl-2,2-dimethyl-1,3-dioxan-5-one",97758,
"(trans)-1,2-Diaminocyclobutane-1,2-dicarbonitrile",47425,
(Z)-6-(Tetrahydropyran-2-yloxy)-1-trimethylsilylhex-2-ene,34548,
"(Z)-8-(Trimethylsilyl)-3,3-dimethyl-5-octenol",75575,
(Z)-Pent-3-en-2-yl acetate,132006,
.epsilon.-Methyl-.epsilon.-caprolactone,610270,
"1'-(4-Methoxyphenyl)-1',3'-(1-chloro-1""-cyanoethano)spiro{naphthalene-1(2H)...""",153107,
"1,1'-Carbonyldiimidazole",126048,
"1,1,1-Trifluoro-4-ethoxybut-3-en-2-one",38048,
"1,1,4,4-Tetramethoxybutane",23317,
"1,1-Dibutoxy-isobutane ",111948,
"1,1-Dimethoxy-octane ",34161,
"1,1-Dimethylethyl hexanoate",33067,
"1,2-Epoxy-p-menthan-4-ol",67621,
"1,3-Diazetidine-2,4-dione, 1,3-bis(1-methylethyl)-",37881,
"1,3-Dioxolane, 2-butyl-2-methyl-",2435194,
"1,3-Dioxolane, 2-butyl-2-methyl-",502133,
"1,3-Dioxolane-2-propanal, 2-methyl-",383623,
"1,3-DIPHENYL-1,3,5,5-TETRAMETHYL-CYCLOTRISILOXANE",46601,
"1,4-Butanediamine, 2,3-dimethoxy-N,N,N',N'-tetramethyl-, [S-(R*,R*)]-",776617,
"1,4-Butanediol",303157,
"1,4-Cyclohexanedione",131163,
"1,5,9-Undecatriene, 2,6,10-trimethyl-, (Z)-",382204,
"1,5-Diazabicyclo[3.2.1]octane",54290,
"1,5-dibromo-2,4-dimethyl-pentane ",6325,
"1,5-Dimethyl-2-pyrrolecarbonitrile",665306,
"1,6-Anhydro-2-chloro-.beta.,D-erythro-hex-3-enpyranose",5810,
"1,7-Dioxaspiro[5.5]undeca-3,10-diene",22964,
"1,9-Decadiene",357194,
"1-(1,3-Dimethyl-1H-pyrazol-4-yl)ethanone",3436119,
1-(1-Hydroxybutyl)-2-methylcyclopropane ,14192,
1-(1-Propynyl)cyclopentanol,715736,
"1-(3,5-Dibromo-4-hydroxyphenyl)-3,3-dimethylbutan-2-one",39252,
1-(Cyclobutylidenyl)propene ,40786,
"1-(FLUOROMETHYLPHENYLSILYL)-2,2,4,4,6,6-HEXAMETHYLCYCLOTRISILAZANE",412427,
1-(Pentachlorophenylsulfanyl)hex-5-en-2-one,164421,
1-Acetyl-2-(isobutanoyl)ethylene,305994,
"1-Benzyloxy-2,6-dimethyl-8-(tetrahydropyran-2-yloxy)-(2E,6E)-2-octadiene",61141,
1-bromo-1-chloropentane ,1868835,
"1-Butanamine, N,N-dimethyl-",18849,
1-Decanol,223938,
1-Decyn-4-ol,74452,
1-Ethyl-1-(2-oxopropyl)cyclopentane,43853,
1-Heptadecanol,85567,
1-Heptanol,385683,
1-Isopropyl-2-((phenylthio)methyl)cyclopentene,40748,
1-Isoquinolinecarbonitrile,497565,
1-Methoxy-4-(phenylethynyl)benzene,456446,
"1-Methyl-3,5-dioxo-4-oxa-9-thiatricyclo[5.3.0.0(2,6)]decane 9,9-dioxide",6522,
"1-Methyl-3-(3,4-dimethoxyphenyl)-6,7-dimethoxyisochromene",348002,
1-Methyl-5-nitro-4-phenylsulfonylimidazole,163615,
"1-Methylamino-4,4-dimethylazetidin-2-one",21948,
1-n-Hexylcyclooctanol ,324024,
1-Nonanol,184341,
1-Penten-3-one,24903,
1-pentylethanoate,885730,
"1-tert-Butyl-4,4,4-trichloro-3-(1-methylcyclopentyl)-1,2,4-azaphosphavanada(...",2214696,
10-Methoxydec-8-yn-7-one,17883,
18-HYDROXY-5-epi-HYRTIOPHENOL - DIACETATE,85395,
"1H-1,2,4-Triazol-5-amine, 1-propyl-",224238,
1H-Imidazole-4-methanol,282619,
"1H-pyrrole,-1-(4-hydroxy-1-oxobutyl)-",79171,
"2,2,4,4-Tetramethyl-3-thietanthione",52516,
"2,2,4-Trimethyl-1,3-pentanediol diisobutyrate",245482,
"2,2,5,5-Tetradeuteriomethoxycyclohexane",31667,
"2,2-Difluoro-2-methylthio-1-(2-pyridyl)ethanol",12599,
"2,2-Dimethyl-4-(1'-aminoethyl)-1,3-dioxolane",995433,
"2,3,3a,4,7,7a-Hexahydro-5-methylind-5-en-1-one ethylene ketal",60226,
"2,3,4,5-Tetrahydro-7,8-dimethoxy-N-(trifluoroacetyl)-[(Z)-2-(trimethylsilyl)...",190175,
"2,3,4-Trimethyl-1-pentanol",2865925,
"2,3-Dicyano-hexahydropyrrolo[1,2-b]isoxazol-4-ol",6496,
"2,3-Dihydro-2-methyl-5-ethylfuran",367389,
"2,3-Dimethyl-1-hexene",656776,
"2,3-Octanedione",246732,
"2,4-Bis(methylethyl)-2-methyl-2,5-dihydro-1H-imidazole",81280,
"2,4-Bis(methylethyl)-2-methyl-2,5-dihydro-1H-imidazole",152188,
"2,4-Bis(pyrazol-1'-yl)-3,5,6-trifluoropyridine",117690,
"2,4-Dihydroxybenzaldehyde, 2TMS derivative",12536851,
"2,4-Dimethyl-6-(prop-1-enyl-1)-1,3-dioxan",98192,
"2,4-DIONE-1,3-BENZODIOXAN",60786,
"2,4-Pentadienyl 3-butenoate",170831,
"2,5-Dimethyl-4-mercaptohexene",59145,
"2,6-Octadiene",120391,
2-((E)-1-Hydroxy-2-butenyl)cyclopentanone,163724,
2-(1'-BROMO-1'-METHYLETHYL)PYRIMIDINE ,60157,
2-(1-Hydroxy-2-oxopropyl)cyclobutanone,409679,
"2-(2-Pyridyl)-3-(trimethylsilyl)-5,6,7,8-tetrahydroquinoline",3363179,
2-(4-Methyl-3-oxocyclohex-4-enyl)propan-2-ol,336520,
2-(Allylamino)ethanol,426976,
2-(Dibromomethyl)tetrahydropyran,22639,
"2-(diphenylphosphinoyl)-5,5-dimethyl-1,3-dioxane",59040,
2-(Formylamino)-2-methyl-N-(4'-nitrooxycyclohexyl)-propionylamide,29379,
2-(Triethylsiloxy)octadecane,1653946,
2-[(2-Methyl-endo-2-norbornyl)oxy]-tetrahydropyran,44571,
"2-[2-(1,3-Dioxolanyl)methyl]bicyclo[2.2.1]heptan-1-one",202688,
"2-[2-(2-Hydroxyethoxy)propyl]-1,3-dioxolane",25911,
"2-Amidoxime-3-nitroimidazo[1,2-a]pyridine",5230,
"2-Benzyl-1.3-diethyl-4,6-diphenyl-1,3,2-diazaphosphorinane - 2-oxide",31800,
"2-Butanol, 3-methyl-",249552,
2-Cumyladamantane,9653,
2-cyano-5-methoxypent-1-ene ,11911792,
"2-Ethyl-3,5-dimethylpyridine",158411,
"2-Fluoro-1-iodo-2,4-dimethylhexane",128363,
"2-Heptanone, 5-methyl-",13628393,
"2-Hexanone, 3,4-dimethyl-",297278,
"2-Methoxy-6-phenyl-6,6a,7,8-tetrahydro-9aH-furo[3,2-c]quinoline isomer",37754,
2-Methoxymethyl-3-phenyloxirane,20720,
2-Methyl-2-(phenylthio)thiolane 1-oxide,14847,
2-Methyl-4-penten-2-ol ,689980,
2-Methyl-4-penten-2-ol ,814474,
2-Methyl-6-hepten-2-ol,2958226,
"2-Methyl[1,3,4]oxadiazole",45605,
"2-Methylbenzoic acid, 2-fluorophenyl ester",200385,
2-Methylpent-4-en-1-ol,217647,
2-Methylpropyl-1-nitrile,12629,
2-Methylthioacetic acid,83423,
"2-Methylthiolane, S,S-dioxide",12171,
2-n-Propylaziridine,162853,
2-Nitro-1-octanol,11266,
"2-Nitro-1-phenyl-1,3-propanediol",3842010,
"2-Octanol, 2,6-dimethyl-",267758,
2-Octanone,320383,
"2-Octenal, (E)-",181341,
2-Octyl ethynyl ether,118585,
2-Oxetanone,575871,
"2-Oxetanone, 4-methyl-, (.+/-.)- ",32063,
"2-Oxetanone, 4-methyl-, (.+/-.)- ",8063,
2-Pentanone,7939218,
"2-Pentyne, 5-methoxy-",82933,
"2-Propanone, 1,1,1,3,3-pentachloro-",8903,
"2-Propene-1,1-diol, diacetate",94730,
2-Propenoic acid,44474,
"2-Propenoic acid, 3-phenyl-, 2-methylpropyl ester",80274,
"2-Thiophenecarboxylic acid, 4-nitrophenyl ester",550343,
"2H-Tetrazole, 2-methyl- ",67391,
"3,3'''-Bis(acetylthio)[5]staffane ",68274,
"3,3-(Ethylenedioxy)octanal ",38937,
"3,4,4,4-Tetradeiterio-2-(1-hydroxy-1-phenylmethyl)butanenitrile",10948,
"3,4,4-trimethyl-1,2,6-oxadiazine N-oxide",306456,
"3,4-Di(p-methylphenyl)-1,2,4-oxadiazaspiro[4.6]undeca-6,8,10-triene",4736,
"3,4-EPOXY-4-METHYL-1-PENTYNE ",113258,
3-(2-Azido-1H-imidazol-4-yl)prop-2-ynyl]amine dihydrochloride,82296,
"3-(3'-Oxo-2',3'-dihydro-1H-isoindol-1'-yl)-3-buten-2-one",51054,
3-(4-Nitrophenyl)quinazolin-4(3H)-one,279222,
3-(4-Pivaloxybutyl)cyclohexanone,14764,
"3-Acetoxy-1,3-dimethylbutyl trimethyl acetate",16653,
3-Acetoxybutyl trimethyl acetate,126312,
3-Amino-6-chloro-1-(Cyclohexenyl)hept-2-en-1-one,19942,
3-Deuterio-2-nonanone,222589,
3-Deuterio-2-nonanone,13121,
"3-Formyl-N-methyl-9-[phenylethynyl]dibenzo[2,3-a : 5,6-a'] (1,4)-thiazine",5316677,
"3-Formyl-N-methyl-9-[phenylethynyl]dibenzo[2,3-a : 5,6-a'] (1,4)-thiazine",4376113,
"3-Formyl-N-methyl-9-[phenylethynyl]dibenzo[2,3-a : 5,6-a'] (1,4)-thiazine",1200478,
"3-Hexanol, 5-methyl-",1080802,
3-Hexen-2-one,3084819,
"3-Hydroxy-3,7,7-trimethyl-1,8-nonadien-5-one",66877,
3-Hydroxy-4-(3-methybut-2-enyl)oxybutanoic acid,1665542,
3-Hydroxy-4-methylbenzaldehyde,765821,
3-Isopropylidenetetrahydrofuran-2-one,51633,
"3-Isoxazolamine, 5-methyl-",1581073,
3-methoxy-3-methylbut-1-yne ,22869,
3-Methy-2-hexen-5-ol,1049413,
3-Methyl-1-(2-tetrahydropyranyloxy)-2-butene,102437,
"3-Methylbenzoic acid, 2-formyl-4,6-dichlorophenyl ester",15333,
3-methylsulfinyl-3-methylbutan-1-ol,51639,
3-O-Ethoxymethyl-17.alpha.-carboxymethyl-17.beta.-estradiol,1011228,
"3-Octanol, 6-ethyl-",583175,
3-Tetradecanone,183790,
"4,4-Dimethoxybutanal",298133,
"4,6-Octadiyn-3-one, 2-methyl-",188137,
"4,8-Dimethyl-3(E),7-nonadienyl Thioacetate",108337,
4-(2'-methyltetrahydrofuran-2'-yl)butanone,44266,
4-(2'-methyltetrahydrofuran-2'-yl)butanone,35915,
4-(2'-methyltetrahydrofuran-2'-yl)butanone,13363,
"4-Benzyl-3-ethoxy-1,4-dihydro-4-hydroxy-1-phenylisoquinoline",13659,
4-Chloro-1-(2-furyl)-1-butanone,206135,
"4-fluor-1,2,3,5-dithiadiazolium",59502,
4-Fluoropyridine,37014,
4-Hydroxyhex-2-en-1-al,32990,
4-Hydroxymethyl-1-azabicyclo[3.3.0]octane isomer,96262,
"4-methyl-1-(2-methylpen-4-en-2-yl)-1,2-diazetidin-3-one",13319,
"4-Phenylimidazo[1,2-c]quinazoline",116542,
"4-{(2E,4E,6E,8E)-[3,7-Dimethyl-9-(2,6,6-trimethyl-1-cyclohexenyl)nona-2,4,6,...",35903,
"5,12-Dicyano-7,14-dimethyl-7,14-diaza-2,9-dioxatricyclo[8.4.0.0(3,8)]tetrade...",24982,
"5-[3-(4-Isopropylphenyl)-2-methylpropyl]-2,3-dimethylpyrazine",2102980,
5-Chloro-3-(p-ethylphernyl)-2-nitrothiophene,75002,
5-ETHYL-2-OXAZOLINDINONE ,190516,
5-Hexen-3-one,335937,
5-Methyl-2-(1'-methylenepropyl)cyclohexanol,13014,
5-Methyl-3-methylene-1-decen-5-ol,75923,
5-Methyl-4-octanone,320921,
"5-Octen-4-one, 7-methyl-",1333115,
"6,9a-Dihydro-6,9a-epoxycyclohepta[b]pyran-7(2H)-one",17250,
6-(2-Cyclohexenyl)-4-iodo-1-hexene,106103,
6-[(4'-Nitrophenyl)sulfonyl]-6-azabicyclo[3.1.0]hexane,80607,
6-Deutero-2-ethylpyridine ,112437,
"6-Methoxy-endo-5-methyl-endo-tricyclo[5.2.1.0(2,6)]dec-8-en-3-one",1356127,
"6-Methyl-2,6-heptadienal ",123804,
6-n-Butyltetrahydropyran-2-one,82188,
"7-Methoxy-2,3-dihydro-2-phenyl-4-quinolone",26706,
"8,16,17-trioxadispiro[6.1.6.2]heptadecane",57254,
"8-(3',5'-Dimethylisoxazol-4'-yl)-8-oxooctanoic acid",409718,
8-Ethenyloxocan-2-one,487446,
"8b,8c-cis-2,2,6,6-tetramethylperhydro-3a,4a,7a,8a-tetraazacyclopentano[def]f...",663349,
"9,10-Anthracenedione, 1,4-dihydro-5-hydroxy-2,3-dimethyl-8-(methylamino)-",1894363,
9-Decen-1-yl acetate,200401,
"[1,3-13C2]-1,3-Cyclopentadiene",261175,
"Acetic acid, butyl ester",526984,
"Acetic acid, pentyl ester",4658687,
"Acetic acid, trifluoro-, ethyl ester",47675,
Acetophenone,1218335,
"Alanine, N-methyl-n-propargyloxycarbonyl-, heptyl ester",178246,
Amylene hydrate,631141,
"anti-4-Ethoxy-4,5-dihydro-5-methoxy-5-methyl-2(3H)-furanone",104200,
Benzadehyde O-benzyloxime,1027448,
"Benzaldehyde, 2-hydroxy-",1681891,
Benzamide,101645,
Benzene,1911706,
"Benzene, 1,3-dimethyl-",372185,
"Benzeneacetic acid, .alpha.-methoxy-, methyl ester, (.+/-.)-",1165635,
"Benzeneethanamine, N-(3-chloropropyl)-.alpha.-methyl- ",519016,
"Benzenemethanol, 4-methyl-",2080520,
Benzenesulphinic acid (-)-menthyl ester,74323,
"Benzoic acid, 2,4-bis[(trimethylsilyl)oxy]-, trimethylsilyl ester",263877,
"Benzoic acid, 2,4-bis[(trimethylsilyl)oxy]-, trimethylsilyl ester",98264,
"Benzoic acid, 2-phenylethyl ester",65063,
"Benzoic acid, 4-methyl-",102230,
"Benzonitrile, 4-(chloromethyl)-",59006954,
Betazole,122903,
"Bis(1,3-dimethyl-2-butenyl)ether (isomer B)",8960,
Butanal,34470,
"Butanal, 2,2-dimethyl-",1331688,
Butyl butenyl ether ,166240,
"Carbamic acid, (cyanomethyl)-, 1,1-dimethylethyl ester",428841,
"Carbonic acid, bis(2-ethylhexyl) ester",131331,
Chlorine ,49534,
cis and trans-3-(Fluorodimethylsilyl)cyclohexyl acetate,427218,
"cis-2-(2,2-Dichloroethyl)-3-methyloxetane",30077,
"cis-3,4,5-Trimethoxy-7-phenyl-8-trimethylsilyl-7-trimethylsilyloxybicyclo[4....",138504,
"cis-3,4,5-Trimethoxy-7-phenyl-8-trimethylsilyl-7-trimethylsilyloxybicyclo[4....",95280,
"Cyclobutane, 1,1,2,3,3-pentamethyl-",252829,
"Cyclobutanone, 2,2,3-trimethyl-",22901,
"Cyclobutylamine, N-acetyl-",185929,
"Cyclobutylamine, N-acetyl-",17678054,
"Cyclohexasiloxane, dodecamethyl-",2899687,
Cyclohexyl nitrate,40714,
"Cyclopentane, 1,1,3-trimethyl-",1921504,
Cyclopentanodec-5-ene,194851,
"Cyclotrisiloxane, hexamethyl- ",30567185,
Di(t-butyl) (trimethylsilyl) methylborane,33861,
"Diazene, dimethyl-",881833,
Dihydro-5-(4-iodobutyl)-2(3H)-furanone,71202,
Dimethyl ether,480244,
"Dimethyl N-(3-Bromo-4,5,6,7-tetrahydroisobenzofuroyl)-L-glutamate",56998,
Dimethyl tetrasulphide ,284230,
dipropylfluoroamine,112357,
"E-2,2,4-trimethyl-4-hexen-1-ol ",875843,
"endo-8-hydroxy-7,7-dimethyl-cis-bicyclo[3.3.0]octan-2-one-ethyleneacetal",32950,
"ethanoic acid 2,2,2-trichloroethyl ester ",39250,
"Ethanol, 2,2'-oxybis-",121413,
"Ethanol, 2,2'-oxybis-, diacetate",936492,
"Ethanol, 2-(3,3-dimethylcyclohexylidene)-",330639,
"Ethyl (1R,2R)-2-formyl-1-methylcyclo[ropanecarboxylate",124782,
Ethyl (4'-ethoxy-6'-methyl-2H-pyran-2'-on-3'-yl)butenoate,264935,
"Ethyl 2-(1'-hydroxy-2',2'-dimethylpropyl )-5,6,6-trimethyl-3,4-heptadienoate",94115,
Ethyl 2-(n-butyl)cycloprop-2-en-1-carboxylate isomer,62893,
Ethyl 2-oxirane-2-acetate,5409,
Ethyl vinyl sulfone,54369,
Ethylbenzene,1399639,
Ethylene glycol Formate Isobutyrate,345323,
ETILEFRIN-PROPIONYL,98321,
"exo-(c-4a,c-8a)-1,4,4a,5,8,8a-Hexahydro-1,4,10,10-tetramethyl-r-l,c-4:t-5,t-...",79706,
"exo-1-methyl-4-isopropyl-bicyclo[2.2.2]oct-5-ene-2,3-dicarboxylic anhydride",27742,
exo-5-Methyl-3-oxabicyclo[4.1.0]heptan-2-one,20817,
Exomethylenecyclopent-2-yl(4-chloro-phenyl) sulfone,7134250,
"Formamide, N-methyl-",563097,
"Formic acid, 2-ethylbutyl ester",1239028,
"Formic acid, 2-methylpropyl ester",350516,
"Furan, 3-methyl-",124871,
"Furan, tetrahydro-2,2,5,5-tetramethyl-",315806,
Germacranolide-valine dimer,33486,
Guanidine ,123921,
"Heptane, 4-methyl-",883083,
"Hetisan-6,11,12,15-tetrol, 15-(2-methylpropanoate), (11.beta.,15.alpha.)-",158151,
Hex-5-en-2-one ethylene acetal,515413,
"Hexanal, 4,4-dimethyl- ",1699716,
"Hexane, 3-ethyl-4-methyl-",155111,
Hexanoylthiocholine,900143,
Hexyl ethylphosphonofluoridate,571044,
Hexyl Heptanoate,729859,
Hydrogen isocyanate,10911488,
i-Butylhydrazine.H2SO4,146127,
Isobutane,587657,
Isoflurophate,1025359,
isopropyl(trans-2-methylcyclopentyl)isopropoxyborane,81704,
"Ketone, isopropylidenecyclopropyl methyl",1467296,
L-Valine diallylamide,11298,
METHANAL-N-METHYL-N-FORMYLHYDRAZONE ,358867,
"Methane, isocyanato-",38542,
Methoxycyclopentaneacetonitrile,25702,
"methyl (2RS,4SR)-2-ethoxy-3,4-dihydro-4-{2-[(2-methoxyethoxy)methoxy]ethyl}-...",27004,
"Methyl (2S,3S)-2-Hydroxy-3-methylpentanoate",202879,
Methyl (4'-methylphenyl)acetate,85107,
"Methyl 1-(N,N-Dimethylaminomethyl)cyclobutane-1-carboxylate hydrochloride",43766,
"Methyl 2,2-dimethyl-3-phenyl-3-oxiranecarboxylate",69752,
"Methyl 2,6-Dideoxy-3,4-O-isopropylidene-.alpha.,L-lyxo-hexopyranoside",100508,
"Methyl 2-chloro-4-[(5,6,7,8-tetrahydro-5,5,8,8-tetramethyl-2-quinoxalinyl)ca...",93077,
"Methyl 3,4-dimethyloctanoate",184361,
"Methyl 5-endo-4-hydroxy-2,5,7,7-tetramethylbicyclo[2.2.2]oct-2-en-5-carboxylate",20974,
"METHYL ESTER OF 1-BROMO-2,2,3,3-TETRAMETHYL-1-CYCLOPROPANCARBOXYLIC ACID",29363,
"Methyl ester of 2S-(1,2,3,4,4a,5,6,7,8,8a.alpha.-Decahydro-1.alpha.,5.beta.-...",11913,
methyl mandelate (2S)-[3-13C]isobutyrate,37389,
Methyl N-cyanomethanimidate,513044,
Methyl p-(2-hydroxyethyl)benzyl sulfoxide,28490,
"methyl tetradeca-12,13-dienoate ",26903,
Methyl trans-2-(Cyanomethyl)cyclobutylcarbamate,34887,
"Methyl trans-3-{1-(N-Benzyl-N-(2,2-bis(methylsulfanyl)ethyl)aminomethyl]-1(E...",110883,
Methyl vinyl ketone,12948710,
N'-(Iodotetrafluoroethoxytetrafluoroethyl)sulfonyl-N-(diethylamino)cyclopent...,18974,
"N,N'-bis( 9-Borabicyclo[3.3.1]non-9-yl)-N,N'-dimethylethylenediamine",20788,
"N,N'-Diallylsulfamide",432248,
"N,N-Diethyl-1-cyclopropyl-2-methylethylamine",6265347,
"N,N-Dimethyl-3-[naphthylthio]-3-(2'-thienyl)propylamine",436843,
N-(1-Aza-2-methylprop-1-enyl)(4'-sulfanylbutylthio)carboxamide,10532,
N-(1-Cyclohexylethyl)-(S)-1-phenylethylamine,25458,
N-(2'-Hydroxy-1'-methyl-2'-phenylethyl)-trimethylacetamide,11746,
N-[3'-Benzylthiazolidin-2'-ylidene]-4-chlorobenzene-sulfonamide,14819321,
N-Acetylcapramide ,187958,
N-Allyl-2-(methylthio)allylamine,29889,
N-Allylacetamide,12798,
N-Benzyl-3-[1'-(2'-hydroxy-2'-phenyl)ethyl]pyrrolidine,616190,
n-Decyl prop-2-ynoate,620423,
N-ETHYL-8-AMINO-p-MENTH-1-ENE,117615,
n-Heptyl methylphosphonofluoridate,203278,
N-iso-Propyl-4-bromo-3-pentanimine,894724,
"N-Methylsulfonylbicyclo[2.2.2]oct-5-ene-2,3-dicarboximide",5091,
Neopentyl 3-hydroxybutanoate,2558613,
Neopentyl hydroxyacetate,890242,
Neopentyl propanoate,142357,
O-Propenylcarbonyl-N-isopropylidene oxime,52929,
"Orthoformic acid, triisobutyl ester",9760200,
"Oxalic acid, hexyl 2-phenylethyl ester",142532,
p-Fluorophenyl 3-phenylprop-2-en-telluroloate,141052,
Pentadecannal,58556,
"Pentanal, 2,3-dimethyl-",317343,
"Pentane, 3-ethyl-2,4-dimethyl-",4639266,
Pentanoic acid,504284,
"Pentanoic acid, 2-fluoro-4-methyl-3-oxo-, ethyl ester",32157,
"Pentanoic acid, 2-fluoro-4-methyl-3-oxo-, ethyl ester",7179,
"Phenol, 2-(1-phenylethyl)- ",24798,
"Phenol, 2-(1-phenylethyl)- ",178921,
"Phenol, 2-methyl-",196054,
"Phenol, 3-methyl-5-(1-methylethyl)-, methylcarbamate",231685,
"Phthalic acid, butyl cyclobutyl ester",115923,
"Propanenitrile, 3,3-dimethoxy- ",371246,
"Propanoic acid, 3-chloro-, 4-formylphenyl ester",48482,
"Pyrazine, 2,5-dimethyl-",4534389,
"Pyrazine, 2,5-dimethyl-3-(3-methylbutyl)-",111669,
"Pyrazine, 2-ethyl-6-methyl-",670448,
"Pyrazine, trimethyl-",361435,
Pyrazolidine,25063,
Quinoline,81405,
"rel-(2R,5R,.alpha.S)-.alpha.-(1-Methylethyl)-5-methyltetrahydrofuran-2-methanol",89790,
"rel-(2S,4R,6S)-2-(1',1'-Dimethylethyl)-4,6-dimethyl-1,3-dioxane",697026,
"tert-Butyl (2E)-2,3,7-trideoxy-D-ribo-hept-2-enoate",383192,
tert-butyl (alpha) trimethylacetate,123329,
tert-Butyl 2-hydroxypropylcarbamate,448548,
TETRACOSAMETHYLCYCLODODECASILOXANE ,1079925,
Thiocarbonic acid O-but-3-enyl ester S-phenyl ester,55450,
"Thiophene, 3-methyl-",84895,
"TRANS-1,4-DIMETHOXY-2-PENTENE ",64917,
trans-1-Butyl-2-methylcyclopropane ,29603,
"TRANS-2-METHOXY-3,4-EPOXY-4-METHYLTETRAHYDRO-4H-PYRAN-4-ONE",61869,
trans-2-Methyl-4-(bromomethyl)-.gamma.-thiobutyrolactone,87813,
trans-O-(2-acetoxycyclohexyl)-N-isopropylhydroxylamine,25411,
TRI-TERT-BUTYLSILANE ,96653,
TRIDEUTEROMETHYL ETHYL ETHER ,84022,
Triformylmethane,53581,
Trimethylaminophosphanylborane [H2PBH3.NMe3],32867,
"Undecane, 5,6-dimethyl-",445617,
Valeric anhydride,118512,
Valeric anhydride,21647,
( 18-O )-.beta.-Butyrolactone,,31979
( 18-O )-.beta.-Propiolactone,,64716
"(+)-(1S)-2-(3,4-Dimethoxyphenyl)-1-(3-methoxyphenyl)ethylamine",,60742
"(+-)-(4.alpha.,5.beta.(E))-4-Methyl-5-(1-propenyl)-2-imidazolidinone",,161021
(+-)-.alpha.-Lycorane,,5906
(+-)-2-Acetylaminopentyl acetate,,62720
"(-)-(3R,6S)-2,3,6-trimethylhepten-7-ol",,73554
"(1.alpha.,4.alpha.,4a.alpha.,10a.alpha.)-1,4,4a,5,6,7,8,9,10,10a-decahydro-1...",,55964
"(1R*,2R*)-1,2-Dimethylcyclohexan-1-ol",,28241
"(1R*,5S*)-1-[3'Methylbutyl]-5-hydroxy-2,2-dimethylcyclopentyl methyl ketone",,40276
"(1R,2R)-10-Pyrrolidinoisoborneol",,24332
"(1R,2S)-1,2-Dimethoxy-1,2-diphenylethane",,335679
"(1R,2S)-Amino-2-methyl-4-phenyl-1-pentanol-1",,17580
"(1R,2S)-N-Benzyl-2-hydroxy-7,7-dimethylbicyclo[2.2.1]heptane-1-sulfonamide",,512509
"(1R,3R)-3-Acetyl-2,2-dimethylcyclobutaneacetaldehyde",,419034
"(1RS,3RS)-2-Methylcyclohexan-1,3-diol",,845548
"(1S,2S)-1-Ethyl-2-methyl-3-oxobutyl propanoate",,80901
"(2'S,R,R)-(-)-3-[2'-(1-Ethyl-1-methoxypropy)-2-oxobipyrrolidinyl-3-yl]-3-hex...",,38337
(2)-7-DODECENOL ,,13324
(2-(2H(1)-4-Methoxyphenylethyne,,802870
"(2R*,1'R*,2'R*)-2-(2'-Chloro-1'-hydroxycyclohextyl)-2-phenylacetic acid",,1184964
"(2R,4S)-(-)-trans-4-Methyltetrahydro-5-oxo-2-furancarboxylic acid",,35831
(2S)-3-methyl-2-butanol ,,181276
"(2S,2' S)-{N-[2'-(Methylamino)propionyl}bornane-10,12-sultam",,172485
"(2S,3R)-2-Methyl-2,3-epoxy-1-butanol",,29086
"(2S,3R)-3-Amino-4-phenylbutane-1,2-diol",,59605
(3-Fluorophenoxy)amine,,44287
"(3R*,5S*,6R*)-5-Anilino-3-isopropyl-6-methyl-6-phenyl-1,2,4-trioxane",,24869
"(3R,4S,1'S)-4-Methyl-3-[6',6'-ethylenedioxy-1'-dimethyl(phenyl)silylbutyl]ox...",,68982
"(3S)-3-Phenyl-2,3-dihydro-1H-isoindol-1-one",,57674
"(3S,5S)-3,5-Dihydroxy-3,5-dimethylheptan-4-one",,35350
"(4E)-2,7-Dimethyl-4-octene-3,6-dione",,23079
"(4E,7S)-7-Methoxydodec-4-enoic acid",,183893
"(4S,E)-4-Methyl-2-hexen-1-ol",,532632
"(7S*,8R*)-7-Butyl-8-(1-methylethenyl)-5,5-dimethyl-2,-phenylperhydro[1,2,4]t...",,7699
(bromomethylsulfonyl)sulfene-quiniclidine-adduct,,52914
(E)-1-(Hex-2-enyloxy)butan-2-one,,139363
(E)-1-(Hex-2-enyloxy)butan-2-one,,21728
(E)-1-(Hex-2-enyloxy)butan-2-one,,54389
"(E)-3-Ethylidene-2',2',5,5-tetramethylspiro[bicyclo[2.1.0]pentane-2,5'-[1,3]...",,4217
(E)-5-Hydroxy-5-methylhex-2-en-4-one,,266240
"(E)-Ethyl 2,2-difluoro-4-phenylbut-3-enoate",,11647
(E)-Ethyl 3-iodo-3-decenoate,,246775
"(E,E)-3,7-Dimethyl-1-(methoxymethoxy)-1,6-octadien-3-ol",,47028
(R)-(+)-4-Iodo[2.2]paracyclophane,,87028
(R)-(-)-2-Ethylhexan-1-ol,,19888
(R)-.beta.-Propyl-.gama.-butyrolactine,,467771
"(R)-2-(N,N-Dibenzylamino)-3-chloro-1,1,1-trifluoropropane",,948157
(R)-2-Isopropyloxirane-2-carboxamide,,19096
"(R)-4-( 1',1'-Dimethylethyl)-1,3,2-dioxathiolane-2-one",,33222
"(R)-Dodeca-1,2-dien-4-ol",,103258
(R)-S-Ethylthio mandelate,,12713
(S)-(+)-2-(1-Ethoxyethoxy)-1-propanol,,754139
(S)-(-)-2-Acetylaminopropan-1-ol,,146974
(S)-2-[1-Ethyl-1-methoxypropyl)-1-[1-(3-methylbut-2-enyloxymethyl)-1-propyli...,,32567
(S)-3-Phenylbut-3-en-2-ol,,15622
"(S)-3-sec-Butyl-1,5-bis(1,3,3-trimethyl-2-indolinyl)pentamethi-mium-perchlorate",,10783
"(S,S)-1,1-Diethoxy-N-(1-phenylethyl)-2-propanamine",,71681
(tert-Butylsulfonyl)benzene,,56739
(Z)-1-(phenylthio)oct-2-ene ,,23924
(Z)-1-Iodo-5-tert-butyldimethylsilyloxypent-1-ene,,62981
(Z)-4-Methyl-2-pentenal ,,822442
(Z)-Dec-4-enyl (E)-2-methylbut-2-enoate,,235237
(Z/E)-2-Norboranone oxime,,295507
".alpha.,.alpha.'-diiodo-o-xylene ",,6245
".omega.,.omega.-Diphenylhexane",,116528
"1,1,1,2,3,3-Hexafluoroheptane ",,41357
"1,1,1,3,3,5,5,7,7,9,9-Undecamethylpentasiloxane",,300426
"1,1,1,3,5,7,9,11,11,11-Decamethyl-5-(trimethylsiloxy)hexasiloxane",,658342
"1,1,1-Trifluoro-2-(trifluoromethyl)-3-[3',3',3'-trifluoro-2'-(trifluoromethy...",,58524
"1,1-bis( Chloromethylboryl) ethane",,14867
"1,1-D(2)-hexaspiro[2.0.3.0.3.0.3.0.3.0.3.0]tricosane",,276519
"1,1-dimethylethyl 3-oxo-2-methylenepentanoate",,91904
"1,12-Dodecanediol",,181656
"1,2,2-TRIMETHYL-3-OXO-3-PHENYLPROPYL TOLUENE-P-SULPHONATE",,18397
"1,2-Diisopropyl-1,2-diazetidine",,59783
"1,2-Dimethyl-5-(2-propyl)cyclohexanol",,27162
"1,2-Dimethyl-5-(2-propyl)cyclohexanol",,50306
"1,3,3a,4,5,6,7,8,9,9a-Decahydro-4,9-epoxybenzo[f]isobenzouran-1,3-dione",,330417
"1,3-Benzodioxole",,1548036
"1,3-Dimethyl-2,4-dioxo-6-(phenylcarbamoyl)-8-phenyl-1,2,3,4-tetrahydro[1.2.4...",,160835
"1,3-Dimethyl-3-(2-propyl)azetidine-2,4-dione",,42465
"1,3-Dioxolane, 2-hexyl-",,222062
"1,4-Bis[2-[2-(dimethylamino)etoxy]ethenyl]benzene",,25032
"1,5,9-Decatriene, 2,3,5,8-tetramethyl-",,334558
"1,5-Heptadien-4-one, 3,3,6-trimethyl-",,61488
"1,6,6-Trimethyl-2-(3-furyl)tricyclo[3.4.0.0(2,9)]nonan-3-one",,586131
1-(1-Hydroxycyclohexyl)-1-nonanone,,32561
1-(2-Methoxyethenyl)cyclopropane,,23198
1-(3-Methylbut-2-enyloxy)butan-2-one,,83288
1-(6-Methoxypyridin-3-yl)but-3-en-1-ol,,126284
1-(p-Methoxyphenyl)-3-phenyloxy-4-oxoazetidine-2-N-benzylN-methylenenitrone,,258045
1-(p-Methoxyphenyl)-3-phenyloxy-4-oxoazetidine-2-N-benzylN-methylenenitrone,,39807
1-(p-Tolyl)ethyl acetate ,,20357
"1-(Pent-4-ynyl)pyrano[3,4-b]indol-3-one",,55914
1-(Phenylsulphinylmethyl)cyclododecene,,20851
1-[(Phenylethyl)thio]-1-(methylthio)-2-nitroethene,,32308
"1-acetoxy-3,3-dimethyl-2-butanone ",,349352
1-Acetyl-3-n-butyl[1]staffane,,28533
1-benzoyl-2-(dimethylamino)propane,,74280
"1-Butanol, 3-methyl-",,15067682
1-butylethanoate,,355003
1-Chloro-3-pentan-4-one cyclopentane,,363512
1-Cyclobutylcyclopropanol,,9921
1-Cyclopentyl-3-acetoxypropan-1-one,,158044
"1-Heptanol, 2,4-dimethyl-,",,1045890
"1-Hydroxymethyl-6-methyl-5,7,8-trimethoxy-1,2,3,4-tetrahydroisoquinoline",,15026
1-METHOXY-1-(TRICHLORMETHYL)CYCLOPENTANE,,2047
1-methoxy-2-aminocarbonyl-1-aza-cyclopropane,,13647
1-Methoxycarbonyl-2-methylimidazole,,147843
1-Methyl-1-nitrocyclohexane,,99616
"1-Methyl-1H-1,2,4-triazole",,22086
1-Octen-4-ol,,383057
1-Pentylprop-2-ynyl Acetate,,147744
1-t-Butyldimethylsilylox-5-hydroxynon-8-ene,,14473
1-vinyl-1-cyclopropyl ethyl ether,,137489
10-ANGELOYL-DESACETYL-ISOAPRESSIN,,109266
"12.BETA.-OCTAHYDROINDOLO[2,3-A]QUINOLIZINE",,83553
"13,14,15,16-Tetranor-8(17)-labden-12-al",,130614
1H-Pyrrole,,42647
"2,2-Dichloro-3-phenylpropanal",,91804
"2,2-diethyl-1-germa-2-silabutane ",,389133
"2,2-Difluoro-3-methylbutane",,318502
"2,2-Dimethoxy-5,5-di-n-propyl-1,3,4-.deta.(3)-oxadiazoline",,38049
"2,2-Dimethyl-5-(3-methyl-2,2-pentamethylenehexahydropyrimidin-1-ylmethylene)...",,61499
"2,3,5,7,15-Pentaacetoxy-8-(tigloyloxy)-9,14-dioxo-Jatropha-6(17),11(E)-diene",,39647
"2,3-Dihydro-2-methyl-5-ethylfuran ",,295917
"2,3-Pentanedione",,152204
"2,3-Undecandione ",,39128
"2,4-dimethyl-4-formyl-2-butenolide",,215316
"2,4-Dimethyl-6-(2-methylphenyl)pyridine-1-oxide",,204258
"2,5-Dihydroxybenzaldehyde, 2TMS derivative",,13099109
"2,5-Dimethylhexane-2,5-dihydroperoxide",,10111571
"2,5-Dipentyl-(pehydro)-quinoline",,47313
"2,5-Furandione, dihydro-",,181621
"2,6-Dimethylhepta-1,5-diene-5,5-dicarbonitrile",,67366
2- and 4-Acetoxy-2-methyl-3-hexanone,,274491
2-(1'-Butyl-3-pyrazolyl) pyridine,,55541
2-(1-Ethylthiobut-2-enyl)cyclohexanone,,23070
"2-(1-Methylethenyl)-5-methyl-N,N-bis(1-methylethyl)-4-hexenamide",,3799
"2-(4'-Nitrophenyl)quinoxaline-1,4-dioxide",,2960428
2-(But-2'-yn-1'-yloxy)-tetrahydropyran,,107342
2-(Dioxolan-2-yl)-4-methyl-4-nitropentane,,49549
2-(Hydroxyethyl) isoamyl sulfide,,32250
"2-(Oxolan-2-yl)-1,2-oxazinane",,2366326
"2-(p-Fluorophenyl)-8-[2'-phenylethenyl]-6-methyl-imidazo[1,2-a]pyridine",,128389
"2-(p-Fluorophenyl)-8-[2'-phenylethenyl]-6-methyl-imidazo[1,2-a]pyridine",,235901
2-[(benzyloxy)methyl]-4(5)-methylimidazole,,25686
2-[13C]-2-Tetrahydrofuryl-methanol,,68073
2-[2'-(p-Chlorophenyl)-1'-methylethenyl]-benzimidazole,,115297
"2-[4'-(5,5-dimethyl-1,3-dioxan-2-yl)-2'(Z)-butenyl]-4,4,5,5-tetramethyl-2-bo...",,45660
"2-[t-3'-Methoxy-1',2',3'-trimethyl-r-1'-cyclopentyl0propanedinitrile",,120292
2-Acetonyl-2-ethyloxirane,,40553
2-Acetoxy-tetrahydrofuran,,116295
2-Acetyl-4-azido-3-methoxybutyric acid methyl ester,,20567
2-Acetyl-5-methylthiophene,,277053
2-amino-3-furfuryloxybenzoic acid,,30470
2-But-1-enyltetrahydrofuran,,27737
"2-Butanone, 3-methyl-",,5812776
"2-Butanone, 3-methyl-",,1069413
"2-Butanone, 3-methyl-1-phenyl-",,80331
"2-Butenoic acid, 2-methoxy-, methyl ester, (Z)-",,114329
"2-Butyl-1,3-dioxepan",,7345
2-Butyne,,31519
2-Cyanophenyl .beta.-phenylpropionate,,204308
2-Deutero-benzobicyclo[2.2.2]octadiene,,114703
2-Dimethylamino-3-cyano-5-methylhex-4-en-1-nitrile,,161238
2-Dodecanone,,327997
2-formyl-3-methyl-4-ethynylpyrrole,,71034
2-Formyl-5-fluoropyrrole,,13172
2-Heptanone,,118783
"2-Heptanone, 6-methyl-",,2602185
"2-Heptene, 5-methyl-",,105830
"2-Hydroxy-2-methylpropyl 3,3-dimethylbutanoate",,109885
"2-Hydroxymethyl-2-phenyl-1,3-propanediol",,50021
2-Iodo-4-methylphenyl 6-benzoyloxy-10a-methyoctahydrocyclopentaphenanthrene-...,,69924
2-Isopropyl-1-methylhexahydropyrimidine,,42256
2-Isopropyl-1-methylhexahydropyrimidine,,87736
"2-Isopropyl-2,5-dihydrofuran",,40204
2-methoxy-1-(1-methoxyethyl)cyclopentanol,,162245
2-Methyl-1-methylsulfanyl-oct-3-en-2-ol,,279739
2-Methyl-1-methylsulfanyl-oct-3-en-2-ol,,25002
2-Methyl-1-trichloromethylbutanol,,29925
2-Methyl-2-cyclopenten-1-ol,,150269
2-Methyl-9H-cyclohepta[b]pyridine ,,33773
2-Methyl-tetrahydropyridin-4-one,,202442
2-Nitro-2-methylcyclohexanone,,30579
2-Nonanone,,3316130
2-O-methylbaeomycesic acid,,41814
"2-Octanone, 1-phenyl-",,20963
2-Oxazolidinethione,,15347
"2-Oxetanone, 4-methylene-",,16945
"2-Oxo-4-phenyl-6-(4-chlorophenyl)-1,2-dihydropyrimidine",,63921
2-Oxocyclopentanecarboxamide,,22235
2-Phenyl-2-hexanol,,32350
2-Phenyl-[2-[tetrahydropyranyl]oxy]ethanol,,46984
"2-Propanamine, 2-methyl-",,258916
"2-Propanol, 1,1'-oxybis-",,164543
"2-Propanol, 2-methyl-",,877006
2-Propenal,,197099
"2-Propenoic acid, 2-methyl-, methyl ester",,103206
2-Propyn-1-ol,,127781
"2-Pyridinecarboxylic acid, methyl ester",,3475
2-Pyrimidinecarbonitrile,,16590
2-Tridecanol,,897126
2-Undecanone,,7723822
"2-Vinyl-1,3-dioxacyclopentanium",,113486
"3,3-Difluoro-2-hydroxy-2-phenyl-4-dodecanone",,39643
"3,3-Dimethyl-1-cyclohexenyl acetate",,664796
"3,4,5,6-Tetrahydro-7-acetoxy-2-(1,3-dithian-2-yl)-9-(1,1-dimethylheptyl)-2,6...",,21138
"3,4-Dimethoxy-2,3-dimethyl-1-butene ",,20429
"3,5-Bis(trifluoromethyl)phenyl 1-phenylpropyl Sulfone",,31524
"3,5-Diamino-1,2,4-triazole",,199224
"3,5-Octanedione, 2,2,4,7-tetramethyl-",,248985
"3,6-Dihydro-1-methyl-6-[1'-(2'-methylindolyl)]pyridin-2(1H)-one",,40682
"3,6-Heptanedione",,331846
3-(Azidomethyl)cyclohexene,,36611
3-(Azidomethyl)cyclohexene,,9060
3-(Hydroxymethyl)-2-cyclopentenone,,696943
3-(tert-Butylazo)-3-methylbutanoic Acid,,364185
"3-Acetyl-2,5-dimethyl furan",,736037
"3-Acetyl-2-methyl-9b-(1-naphthyl)-3aH-benzo[e]cyclohexa[1,2-b]furan",,120094
"3-Acetyl-2-methyl-9b-(1-naphthyl)-3aH-benzo[e]cyclohexa[1,2-b]furan",,236786
3-Chloroheptylacetate,,168911
3-Cyclopropyl-3-methyl-but-1-yne,,136912
3-Ethoxy-1-(2-propenoxy)-2-propanol,,3755
"3-Ethyl-1,4-dimethyl-1,3-cyclohexanediol",,84091
3-Ethyl-2-hydroxytetrahydrofuran,,977371
3-Ethyl-4-methyl-3-heptanol,,401640
3-Ethyl-5-methyl-2(5H)-furanone,,330972
"3-Heptanone, 2,4-dimethyl-",,321517
3-Hydroxy-3-phenylpropanenitrile,,21877
3-Hydroxy-N-propyl-pyrrolidine,,22754
"3-Methyl-2,4,5-triphenyloxazolidine isomer",,5216282
3-Methylbenzyl alcohol,,1377138
"3-Methylbut-2-enoic acid, 4-nitrophenyl ester",,2065572
3-Methylbut-2-noic acid prop-2-ynylamide,,3306
3-METHYLBUTYL HEXANOATE ,,70391
3-Methylpentyl acetate,,2194227
3-Methylpyrrole-2-carbaldehyde ,,24220
3-Nonanol,,352703
"3-Octen-2-one, (E)-",,40507
3-Quinolinecarbonitrile,,335888
"4,4-Ethylidenedioxy-9-.alpha.-methanesulfonyloxy-5-methyltricyclo[6.3.0.0(1,...",,10395
"4,5,6,7,8,9-Hexahydro-1-methyl-3,10-dimethylcycloocta[d]pyridazinium tetrafl...",,107690
"4,5-dihydro-2-methyl-4-(1-methylethyl)oxazole",,213347
"4,8-Bis(benzylamino)-2-(2-hydroxyethylamino)pyrimido[5,4-d]pyrimidine",,39373
"4-(2'-Hydroxyethyl)-2,3-dihydro-1H-indole",,134342
4-(2-Naphthyl)-5-phenyl-4H-dibenzophosphole oxide,,21412
4-(2-Naphthyl)-5-phenyl-4H-dibenzophosphole oxide,,431182
"4-(2-Nitrophenyl)-1,2,3-thiadiazole",,206977
4-(2-tetrahydropyranyl)oxybutanal,,100874
4-(Methylthiomethyl)phenol,,29248
4-(N-Ethylamino)pent-3-en-2-one,,952614
4-(Nitromethyl)anisole,,6423
4-(Tetrahydrofuranyl-2-oxy)-4-methyl-2-pentanone,,30880
"4-[2-(6-(4-Morpholinyl)-1,2-benzisoxazol-3-yl)ethyl]-1-piperidinecarboxylic ...",,37104
4-[N'-(4-Dimethylaminobenzylidene)-N-methylhydrazino]benzaldehyde,,136053
4-amino-2-methylbutanoic acid ,,7630
4-Azido-3-bromobenzene,,34533
4-Diethyoxyphosphinyl-2-phenyl-1(2H)-benzopyran,,44123
"4-Ethylene Ketal of t-5,c-10-Dimethyl-r-1H-bicyclo[5.3.0]dec-6-ene-4,8-dione",,11384
"4-Hexen-1-ol, 2-ethenyl-2,5-dimethyl-",,298609
4-Iodo-2-methylbut-1-ene,,74117
"4-isopropyl-7,8-dioxabicyclo[4.2.2]deca-2,9-diene ",,6906
4-Methoxy-1-nonene ,,15164
4-Methoxy-2-(4'-Methylbenzenesulfonyl)-5-endo-nitro-3-oxo-2-azabicyclo[2.2.2...,,84781
4-Methylene-1-pyrazoline,,27896
4-Methylene-1-pyrazoline,,8867
"4-Pentyl-2,3-dihydrofuran",,115303
"4a,8b-trans-2,2,7,7,9-pentamethylperhydro-4,5,8a,9a-tetraazafluorene",,13464
"5,5-DIMETHYL-2-OXAZOLIDINONE ",,634699
"5,5-DIMETHYL-2-OXAZOLIDINONE ",,97319
"5,6,7,8-Tetrahydro-5,8-ethanoquinoxaline-6,endo,7-endo-diol",,30429
"5,6-DIHYDRO-2-METHOXY-4-METHYL-2H-PYRAN",,96224
"5,6-Dihydrobenzo[c]phenanthridin-6-one",,104893
5-(1-Methyl-1-methoxyethoxy)-1-tetrahydropyranyloxypentene,,24502
5-(2'-oxopropyl)isoxazole ,,542566
5-[1'-(4''-Methoxyphenyl)methylidene]-3-chloro-4-(p-methoxyphenyl)-2(5H)-fur...,,285734
"5-Amino-1-methyl-1H-pyrazole-4-carboxamide, 3TMS",,960036
"5-Amino-1-methyl-1H-pyrazole-4-carboxamide, 3TMS",,3439857
"5-Ethyl-1,2,3,4-thiatriazole",,384596
5-Ethylhydantoin,,387951
"5-hydroxy-1,2-pentadiene",,13567
"5-hydroxy-1,2-pentadiene",,95733
5-Methyltetrahydrofuran-2-methanol,,96780
5-Propyl-2-pyrrolidinone,,187350
5-{Ethoxycarbonyl}-N(1)-[2'-(N,,42170
5-{Ethoxycarbonyl}-N(1)-[3'-(N,,73229
"6,6'-Bis(N,n-dimethylamino)-2,2'-biquinoline",,507152
6-(4-Aminophenyl)-3-cyano-4-[4-(dimethylamino)phenyl]-2-methylpyridine,,120404
6-Bromo-1-(tert-butyldimethylsilyl)hexanol,,76324
"6-Deuterio-1,3-hexadien-5-yne",,6122
6-hepentonitrile ,,262220
6-Iodo-1-heptene ,,16546
"6-Methoxy-3-phehylspiro[indane-1,7'(6'H)-pyrrolo[3,4-b]pyridin-5'-one",,2380898
6-Nitrobenzo[b]furan,,747
"7-(2-Methyl-1,3-dithiolan-2-yl)heptyl pivalate",,98561
7-Hydroxymethyl-1-azabicyclo[4.3.0]nonane isomer,,49018
"7.BETA.,3.ALPHA.-DIHYDROXY-1.ALPHA.-2,6-CYCLOHIMACHALANE",,951896
"8-(R,S)-Pentyloxocan-2-one",,45671
8-Methyl-1-(phenylthiomethyl)cyclo-octene,,82172
"8.alpha.,11-drimanediol",,148339
[(N-1-Chloroprop-2-en-2-yl)aminomethyl]benzene,,21122
"[2-15N]-benzo[1,2,3]triazole",,6922
[5-methyl-3-(3-butenyl)]isoxazole ,,1695887
[5-methyl-3-(3-butenyl)]isoxazole ,,267922
[5-methyl-3-(3-butenyl)]isoxazole ,,171737
"[6-13C]-(2S,4S)-5-Chloroleucine",,18603
"Acetic acid, 2-ethylbutyl ester",,357395
"Acetic acid, 2-methylpropyl ester",,503569
"Acetic acid, nonyl ester",,125115
Acetone,,1469504
anti-4-Aza-B-homo-5.alpha.-cholestan-3-one,,39149
Benzaldehyde,,4504110
"Benzaldehyde, 4-chloro-",,211616
"Benzene, [ethoxy(1-propenyloxy)methyl]-, (E)-",,28820
"Benzeneethanol, .alpha.-phenyl-",,104502
Benzyl 4-fluoro-2-butynyl ether,,427908
Benzyl pyridinium chloride,,11489
Bicyclo[3.3.0]oct-1(2)-en-3-one ,,300794
Bismethylene[6.3.2]propellanone Ethylene Ketal,,3216
"Boric acid (H3BO3), trimethyl ester",,58964
"Butanal, 2-ethyl-",,1614961
"Butane, 2,2-dimethyl-",,135627
"Butanoic acid, 2-methylcyclohexyl ester, cis-",,152301
"Butanoic acid, 3,3-dimethyl-",,6040951
"Butanoic acid, 3-methyl-",,267558
Butynyl 2-propenyl ether,,297400
"chloro[(1,1-dimethylethyl)dimethylsilyl]methyl chloride",,27143
Chlorotrifluoromethane,,50524
Chromafenozide,,5357499
"cis-1,4-Dicyano-6,6,8,8-tetramethyl-7-oxo-2,3-benzo-cis-bicyclo[3.3.1]nonane",,202282
cis-12-Octadecenoic acid methyl ester,,127574
cis-4-Methyl-3-cycloocten-1-ol,,205504
"cis-4-Methylcyclohex-3-ene-1,2-diol",,12263
"cis-4-Methylcyclohex-3-ene-1,2-diol",,13760
cis/trans-2-Cyclohexyl-5-methyltetrahydrofuran,,8865
Cyanogen chloride,,107985
"Cyclobuta[1,2-d:3,4-d']bis[1,3]dioxole, tetrahydro-, (3a.alpha.,3b.beta.,6a.beta.,6b.alpha.)-",,61039
Cyclobutylmethanol,,135084
"Cyclohexane, 1,2-dimethyl-, cis-",,4794945
"Cyclohexanol, 2-methyl-, acetate, cis-",,239489
"Cyclohexasiloxane, dodecamethyl- ",,8266452
"Cyclohexene, 1-methoxy-",,72880
"Cyclooctasiloxane, hexadecamethyl- ",,520485
"Cyclopentane, 1,2-dimethyl-, trans-",,1081720
"Cyclopentane, 1-ethyl-3-methyl-",,569820
"Cyclopentane, methyl-",,157173
"Cyclopentanone, 2,4,4-trimethyl-",,1642716
"Cyclopropane, 1-methyl-2-pentyl-",,95376
Cyclopropyl Phenyl Ketoxime,,6472
"Cyclotetrasiloxane, octamethyl-",,3824397
"Cyclotrisiloxane, hexamethyl-",,483408
"Cyclotrisiloxane, hexamethyl-",,29065580
Diallyl malonate,,96640
Dicyclohexyl ester of glutaric acid,,22034
"diethyl 2,6-dimethyl-4-(3-pyridazinyl)-1,4-dihydropyridine-3,5-dicarboxylate",,37621
Dihydro-4-acetoxy-2(3H)-furanone ,,38624
Dimethyl trisulfide,,12964590
Dimethylphosphinic fluoride,,2297862
"Disulfide, dihexyl",,358013
"Disulfide, dimethyl",,14604974
Dithiomethane,,625216
"endo-1-methyl-4-isopropyl-bicyclo[2.2.2]octa-5-ene-2,3-dicarboxylic anhydride",,23841
"Ethane, 1,1',1''-[methylidynetris(thio)]tris-",,52029
"Ethanone, 1-(2-furanyl)-",,21776
"Ethanone, 2-(formyloxy)-1-phenyl-",,43699
"Ethanone, 2-(formyloxy)-1-phenyl-",,927113
"Ethyl (2'-nitro-3'-oxo-6',7'-dihydro-3H,5H-benzo[ij]quinolizin-1'-yl)-cyanoa...",,704232
Ethyl (2-hydroxytetrahydrofuran-2-yl)acetate,,14506
Ethyl 2-(2-Benzoylphenyl)propanoate,,74984
Ethyl 4-(ethyloxy)-2-oxobut-3-enoate,,25217
Ethyl Acetate,,28948331
Ethyl Azacyclopentane-2-ylideneacetate,,371335
Ethyl Hept-6-enoate,,34374
Ethyl N-cyano-N-methylcarbamate,,316462
Ethyl N-cyano-N-pentylcarbamate,,198348
Formic acid,,386809
"Formic acid, hexyl ester",,848763
Fumaronitrile,,1376478
"Furan, 2,2'-[oxybis(methylene)]bis-",,79378
"Heptane, 3,4,5-trimethyl-",,3915363
"Heptasiloxane, 1,1,3,3,5,5,7,7,9,9,11,11,13,13-tetradecamethyl-",,1039912
"Hexanal, 2-methyl-",,251705
"Hexane, 2,3-dimethyl-",,607180
Hexanoic acid,,292744
"Hexanoic acid, 5-oxo-, methyl ester",,83162
"Imidazo[4,5-d]imidazole, 1,6-dihydro-",,2755149
Isobutyl acrylate,,132982
ISOVALERALDEHYDE PROPYLENE GLYCOL ACETAL,,240989
"L-Alanine, N-benzoyl-, methyl ester",,39861
L-Proline,,190417
"m-Toluic acid, 4-cyanophenyl ester",,580476
"meso-2,5-Dimethyl-3,4-hexanediol",,126718
"Methanamine, N,N-dimethyl-",,128415
"Methanamine, N-methyl-N-nitroso-",,189938
"Methane, dimethoxy-",,76141
"Methyl (2R,3R)-(+)-2,3-Epoxy-2-methylbutanoate",,584715
methyl 1-hydroxycyclopentane-1-carboxylate,,109237
"METHYL 10,11-EPOXY-3,11-DIMETHYL-7-TRIFLUOROMETHYLODECA-2,6-DIENOATE",,78885
"METHYL 10,11-EPOXY-3,11-DIMETHYL-7-TRIFLUOROMETHYLODECA-2,6-DIENOATE",,297062
methyl 2-nitropropanoate,,335491
Methyl 3-(Benzylamino)-2-methylpropanoate,,509854
"Methyl 3-(tert-Butyldimethylsilyloxy)-6-[(1,3)dioxan-2-yl]-2-methoxybenzoate",,360117
Methyl 3-hydroxy-2-(p-toluenesulfonyloxy)methyl-10-tetrahydropyranyloxydecan...,,15323
"Methyl 5-[3,3-bis(trimethylsilyl)oxiran-2-yl]pentanoate",,26639
Methyl [(R)-2-methanesulfonyloxy-3-(4-methoxy-benzyloxy)-propyl]malonate,,22969
methyl hydrogen 2-(methoxymethyl)-2-methylmalonate,,79220
METHYL(+)-8-EPI-9-OXO-11.ALPHA.-TETRAHYDROPYRANYLOXY-15.BETA.-HYDROXY-19.ALP...,,24844
Methylene chloride,,219462
"MIXTURE OF TRANS-AND CIS-7-HYDROXY-3,7-DIMETHYL-2,4,8-NONATRIEN CARBOXYLIC ACID",,28519
"N,N'-Bis(5-methyl-1H-pyrazol-3-yl)oxaldiamide",,19272
"N,N'-Dibutyl-carbodiimide",,693982
"N,N'-Diisopropylideneguanidine",,745344
"N,N,N-Trimethyl 1-(2-Methylenecyclooct-1-yl)methyl ammonium iodide",,565337
"N,N-Bis[2-(deuteriomethyl)hexyl]ethylenediamine",,318078
"N,N-Dibenzyl-2-aminoethanal",,45363
"N,N-Dimethyl-4,5,6,7-tetra-O-acetyl-2,3-anhydro-D-glycero-L-galo-heptonamide",,125668
"N,O-Bis(methoxycarbonyl)-N-((1-cyclopropyl)benzyl)hydroxyamine",,50499
N-(1'-CARBOXY-2'-MERCAPTOETHYL)PHTHALIMIDE ,,13994
N-(2-Propenyloxymethyl)piperidine,,149060
N-(4-isoxazolyl)formamide ,,47626
N-(Methoxymethyl)benzamide,,51992
N-3-Oxopropylcrotonylamide,,629780
N-[2-Methyl-1-phenylpropyl]formamide,,96608
N-Benzyl-N-methyl-alpha.-oxobenzeneacetamide,,42263
n-Butyraldoxime ,,75536
N-Glyoxyloyl-[(S)-proline - benzyl ester],,63665
N-Isopropyl-2-chloro-2-methyl-3-butylimine,,12559
N-methyl-6-heptynamide,,192710
"N-tert-Butylazoxy-N,N-dimethylcarboxamide",,23869
N2-Acetyl-N1-formylhydrazide,,123994
"O-(1,1-diethylpropyl)selenofornate",,38203
O-Methylsulphonylacetoxime ,,3533
O-Vinyl - Dimethylglyoxime,,2123579
OCTADECAMETHYLCYCLONONASILOXANE ,,286596
OCTADECAMETHYLCYCLONONASILOXANE ,,104793
"Octanoic acid, ethyl ester",,2015567
Octyl chloroacetate ,,91865
"Oxetane, 2,3,4-trimethyl-, (2.alpha.,3.alpha.,4.beta.)-",,1579840
"Oxetane, 3,3-dimethyl-",,298154
p-Methylphenyl 2-(o-methylphenyl)-2-propyl sulfone,,63665
p-Xylene,,1547982
"PENTAN-1,3-DIOLDIISOBUTYRATE, 2,2,4-TRIMETHYL- ",,588091
"Pentanal, 2-methyl-",,399433
"Pentane, 1-propoxy-",,319308
"Pentane, 2,3,4-trimethyl-",,376759
"Pentane, 3,3-dimethyl-",,2678995
Phidolopin ,,43381
"Phthalic acid, isobutyl 4-octyl ester",,100374
Propanal,,10366483
"Propane, 2-nitro-",,384603
"Propanoic acid, 2-methylpropyl ester",,134857
"Propanoic acid, phenylmethyl ester",,326491
propionylcarnitine oxylactone,,62000
"Pyridine, 2,3,6-trimethyl-",,1823222
R-(-)-2-Butyl-n-octyl carbonate,,93609
rac-(+-)-2-(tert-Butylsulfonyl)pentyl acetate,,29908
"S-[3-(4-Methylphenyl)-1-methylthio-3-oxopropenyl]-S,S-dimethylsulfinylinium ...",,35558
"Sulfurous acid, butyl isobutyl ester",,399313
"t-Butyl 2-[3',3'-dicyano-2'-(4-methylphenyl)allylidene]-thiazolidine-3-carb...""",,51985
t-Butyl 2-methylsuccinate,,129300
t-Butylphosphonyl-bis[N-di(isopropyl)amide],,71323
"Tardioxopiperazine A [cyclo-L-alanyl-5-isopentenyl-2-(1',1'-dimethylallyl)-L...",,119175
Tetrahydrofurfuryl propionate,,169655
"trans-1,4-Dimethoxy-2-butene ",,24575
"TRANS-2,5-DIMETHOXY-3-HEXENE ",,399207
"trans-2-Amino-1-[N-(2,4,6-trimethylphenylsulfonyl)amino]cyclohexane",,264903
"TRANS-4,5-DIMETHOXY-2-PENTENE ",,10122
trans-bicyclo[4.2.0]octane ,,287107
TRICHLORETHANE,,258444
Vinyl trans-cinnamate,,77506
