Name,EPI300_pCC1_ATF1_noAra,EPI300_pCC1_ATF1_iAAl
"(3R*,4R*,5R*,6S*)-[(3,5-Dimethyl-4,6-bis-((tert-butyldimethylsilyl)oxy)-1-cy...",49938.66171,20916.20112
(E)-2-(But-2-enyloxy)butan-2-one,141263.9405,111249.5345
"(E)-Deca-1,6-dien-3-one",66113.3829,34800.74488
"(S)-3,9-dimethyl 6-(1-methylethyl) (E)-5,8-decadien 1-ol",58513.01115,70478.58473
(Z)-3-Methoxy-1-(4-chlorophenyl)-1-(methylseleno)propene,18143.12268,11569.8324
.gamma.-1-Acetoxyethyl-1-methyl-c-2-isopropenylcyclobutane,36959.10781,40819.36685
"[1R*,5S*]-1-(Phenylsulfonyl)-2-oxo-3-oxabicyclo[3.1.0]hexane",1996.282528,18834.26443
"1-(3,5-Dibromo-4-hydroxyphenyl)-3,3-dimethylbutan-2-one",120386.6171,14214.1527
1-(3-Methylbut-2-enyloxy)butan-2-one,25024.16357,91364.99069
1-(Phenylsulphinylmethyl)cyclododecene,38728.62454,19299.81378
1-(p-Methoxyphenyl)-3-phenyloxy-4-oxoazetidine-2-N-benzylN-methylenenitrone,946172.8625,84938.54749
"1,1,1-Trifluoro-4-ethoxybut-3-en-2-one",25507.43494,26266.29423
"1,2-Benzenediol, o-(4-methoxybezoyl)-o'-(5-chlorovaleryl)-",67213.75465,854899.4413
"1,5-Heptadiene-3,4-diol, 2-methyl-",432375.4647,272283.054
1-Allyl-cyclohexanol,40078.06691,25227.18808
"1-Butanol, 3-methyl-",16912639.41,14238811.92
1-Cyano-2-methylbuten-3-one,78284.38662,70487.89572
1-Decanol,4092221.19,3114912.477
"1'-Deoxy-1'-(phenylsulfonyl)methylene]-2',3'-isopropylidene-.beta.-D-ribofur...",34403.34572,132067.0391
1H-Pyrrole-2-carboxaldehyde,70117.10037,70281.19181
"1-Methyl-3-(3,4-dimethoxyphenyl)-6,7-dimethoxyisochromene",259657.9926,252724.3948
1-Nonanol,491786.2454,342942.2719
1-Octanol,2522130.112,2576551.21
"2,2-Dimethyl-3-(2-methyl-1-propyl)cyclobutanone",178252.7881,427331.4711
"2,3-Pentanedione",91284.38662,109297.9516
"2,4-Di-tert-butylphenol",9502581.784,13066549.35
"2,5-Dihydroxybenzaldehyde, 2TMS derivative",13512760.22,13098776.54
"2,6,10-Dodecatrien-1-ol, 3,7,11-trimethyl-",940414.4981,1079152.7
"2,6-DIHYDROXYBENZOIC ACID 3TMS",38531.59851,1403942.272
"2,7-exo-4,11,6-Dioxazatricyclo[6.2.1.0(2,7)]undec-9-ene-3,5-dione",20135.68773,47353.8175
2-13C-Methoxycyclohexane,72979.5539,13810.05587
2-Acetylthiazole,1543184.015,1516234.637
2-Butanone,8172286.245,6507696.462
"2-Heptanone, 4-methyl-",32038496.28,27019350.09
"2-Methyl-1,4-butanediol",443890.3346,67743.01676
2-Methyl-7-nitrobenzo[b]furan,18732.34201,29195.53073
2-Nitro-1-octanol,69626.39405,31672.25326
"2-Octanol, 2-methyl-",4409466.543,3851150.838
2-Pentadecanone,6895362.454,8145081.937
2-Propenoic acid,83946.09665,38454.37616
"2-Propenoic acid, 3-phenyl-, 2-methylpropyl ester",55531.59851,149521.4153
"2-Propenoic acid, methyl ester",36232.34201,29830.54004
2-Tetradecanone,2328161.71,2748078.212
2-Tridecanol,1456940.52,1183046.555
2-Tridecanone,17753275.09,18526383.61
2-Undecanone,6626096.654,6991527.002
3-(Hydroxymethyl)-1-phenyl-1-heptadecyn-3-ol,3223364.312,1478990.689
"3,3,6-trimethyl-2-methylene-4-oxo-2,3-dihydrofuro[3,2-c]pyran",58358.73606,58733.70577
"3,3-dimethyl-2-phenylbutyl phenyl sulfone",20890.33457,27837.98883
"3-Acetyl-2-methyl-9b-(1-naphthyl)-3aH-benzo[e]cyclohexa[1,2-b]furan",106472.119,100635.0093
3-Hexadecanone,371789.9628,466599.6276
3-O-Ethoxymethyl-17.alpha.-carboxymethyl-17.beta.-estradiol,189321.5613,778627.5605
3-Pentadecanone,125719.3309,158847.2998
3-Tetradecanone,310152.4164,281774.6741
4-(2-Naphthyl)-5-phenyl-4H-dibenzophosphole oxide,32825.27881,106022.3464
"4,4-Dideuteriomethoxycyclohexane",56269.51673,27091.24767
"4,5,6,8-PTetramethoxy-2,3-dihydroindeno[1,2,3-ij]isoquinolin-9-ol",4014830.855,901983.2402
4-Methyl-3-propylpyrrolidin-2-one,44178.43866,5135.94041
5-(2'-oxopropyl)isoxazole ,525362.4535,45770.94972
5-{Ethoxycarbonyl}-N(1)-[3'-(N,34206.3197,501586.5922
"5-Amino-1-methyl-1H-pyrazole-4-carboxamide, 3TMS",3498990.706,3492610.801
5-Chloro-3-(p-ethylphernyl)-2-nitrothiophene,222776.9517,63586.59218
Acetone,16165070.63,12291744.88
Acetophenone,984710.0372,1258681.564
anti-3-Methyl-5-methylenenon-2-en-4-ol,66637.54647,64005.58659
"Benzenemethanol, .alpha.-methyl-, propanoate",337843.8662,356707.635
Benzoic acid,1040224.907,988284.9162
"Benzoic acid, 3-methyl-, methyl ester",119425.6506,145903.1657
Benzyl alcohol,7368589.219,8439949.721
cis and trans-3-(Fluorodimethylsilyl)cyclohexyl acetate,335024.1636,683635.0093
"cis-2-(2,2-Dichloroethyl)-3-methyloxetane",21674.72119,23581.00559
Cyclododecane,4279810.409,2878823.091
"Cyclohexasiloxane, dodecamethyl-",3006260.223,2030338.92
"Cyclohexasiloxane, dodecamethyl- ",9240858.736,9360638.734
"Cyclooctasiloxane, hexadecamethyl-",773990.7063,485353.8175
Cyclopentadecanone,3474986.989,3881364.991
"Cyclopentasiloxane, decamethyl-",8974105.948,8744692.737
"Cyclotetrasiloxane, octamethyl-",17060236.06,13129882.68
Decanoic acid,418529.7398,66338.91993
dichloromethyl propyl sulfone,68109.66543,34191.80633
Didehydro-7-[(trimethylsilyl)oxy*]-9-ketoabietic acid - methyl ester,902946.0967,847810.0559
Dimethyl ether,101868907.1,97478230.91
Dodecanoic acid,779728.6245,208547.486
"Dodecanoic acid, ethyl ester",1122273.234,1137400.372
"Ethanone, 1-(2,4-dimethylphenyl)-",706382.8996,717776.5363
"Ethanone, 1,1'-(1,4-phenylene)bis-",89830.85502,94251.39665
"Ethyl (2'-nitro-3'-oxo-6',7'-dihydro-3H,5H-benzo[ij]quinolizin-1'-yl)-cyanoa...",57853.15985,519554.9348
Ethyl 9-hexadecenoate,1099356.877,1181986.965
Ethyl Acetate,5208617.1,2764340.782
Formic acid,551189.5911,393601.4898
"Hexadecanoic acid, ethyl ester",574472.119,696474.8603
Hydrogen isocyanate,1028641.264,567337.0577
Indole,169685381,180666178.8
Isophthalaldehyde,216414.4981,203897.5791
isopropyl(trans-2-methylcyclopentyl)isopropoxyborane,49107.80669,55934.82309
Lauryl acetate,1091026.022,884508.3799
"Methyl 5-[3,3-bis(trimethylsilyl)oxiran-2-yl]pentanoate",23403.34572,16834.26443
Methyl trifluoroacetate,526217.4721,53824.95345
Methylenecyclopropanecarboxylic acid,269388.4758,334817.5047
n-Decanoic acid,3814641.264,3379668.529
OCTADECAMETHYLCYCLONONASILOXANE ,317001.8587,389459.9628
"Octasiloxane, 1,1,3,3,5,5,7,7,9,9,11,11,13,13,15,15-hexadecamethyl-",7008057.621,7344216.015
"Orthoformic acid, triisobutyl ester",9628405.204,7977921.788
p-Cresol,262321.5613,335845.4376
"PENTAN-1,3-DIOLDIISOBUTYRATE, 2,2,4-TRIMETHYL- ",247734.2007,537206.7039
"Pentane, 2,2,4-trimethyl-",55431.22677,46426.4432
Phenol,264061.3383,259823.0912
Phenylethyl Alcohol,434540.8922,203396.648
"Propanoic acid, 3-chloro-, 4-formylphenyl ester",29691.44981,35350.09311
"Propanoic acid, decyl ester",236918.2156,172225.3259
"Propanoic acid, ethyl ester",7244490.706,4369407.821
"p-Toluic acid, 3,4-dichlorophenyl ester",659000,686532.5885
rac-(+-)-2-(tert-Butylsulfonyl)pentyl acetate,584440.5204,498754.1899
S-Cyclopropyl Cyclopropanethiosulfonate,16633.829,29486.03352
Thiazole,16394.05204,10199.25512
trans-1-Butyl-2-methylcyclopropane ,40514.86989,45761.63873
"trans-2-(2-Ethenylcyclohexyl)-2-methyl-1,3-dioxolane",443613.3829,77262.56983
"trans-2,4-Bis(tert-butyldimethylsilyl)-1,3-dithietan-1,1,3,3-tetraoxide",24122.67658,2239188.082
tris(Trimethylphosphane) rhodium chloride,38260.22305,25515.82868
(E)-2-(But-2-enyloxy)-N-methoxy-N-methylacetamide,70671.00372,629266.2942
"(2S,3S)-3-Methoxy-2,4-dimethylpentanol",57842.00743,9376.163873
"Heptane, 4-methyl-",1026299.257,134610.8007
3-Oxobutyramide,447156.1338,61936.68529
"Butane, 2-methoxy-2-methyl-",372858.7361,33709860.34
"Cyclohexanone, 3-methyl-",33429.36803,351281.1918
t-Butyl 2-methylsuccinate,182934.9442,55864.05959
Ethyl 2-oxirane-2-acetate,51336.43123,1069767.225
Butyl trifluoroacetate,181693.3086,1220076.35
"Bis(3,4-dimethoxycinnamoyl)-L-tartaric acid",14552633.83,9897.579143
2-O-methylbaeomycesic acid,29473250.93,120355.6797
1-(2-Methylphenyl)pentan-1-one,1564338.29,114955.3073
"Furan, tetrahydro-2,2,5,5-tetramethyl-",4644295.539,158139.6648
Bis(4-methylpiperazin-1-yl)methane,2609940.52,20435.75419
2-Methyl-1-cyclopentanol,322295.539,1207452.514
"Isopropyl 3,7,11-trimethyl-11-methoxy-2-.xi.-dodecenoate",86526.0223,299802.6071
"Cyclopentanone, 2,4,4-trimethyl-",2365137.546,321024.2086
2-amino-3-furfuryloxybenzoic acid,69663.56877,5941091.248
N-Methylformide ,923654.2751,268067.0391
"2-Propanol, 2-methyl-",1075076.208,45152.70019
Acetonitrile-d3,190858.7361,259171.3222
Allyl Butyl Ether,270704.461,181202.9795
Methylene chloride,327202.6022,870607.0764
Benzene,2152016.729,1178048.417
"1,3-Dimethyl-3-(2-propyl)azetidine-2,4-dione",62672.86245,4929.236499
"3,5-Dimethylbutyrolactone ",9832.713755,162916.2011
N-Allylacetamide,13691.44981,28439.47858
3-(2'-N-tert-Butoxycarbonylaminoethyl)cyclohex-2-en-1-one,4526407.063,443940.4097
2-(Dibromomethyl)tetrahydropyran,26234.20074,72318.43575
4-Methyl-2H-pyran,207622.6766,292338.9199
"Formic acid, 2-methylpropyl ester",446516.7286,1785998.138
2-Pentanone,8538198.885,3789171.322
5-(1-Methyl-1-methoxyethoxy)-1-tetrahydropyranyloxypentene,196037.1747,248418.9944
"(3S,4S)-Hept-1-en-6-yne-3,4-diol",328782.5279,8416154.562
5-Hexen-3-one,314613.3829,325709.4972
"Ether,1- propenyl propyl",1101656.134,32022.34637
Methyl Isobutyl Ketone,2266343.866,11428.3054
N-Methyl-2-isopropoxycarbonylazetidine,89368.02974,24472.99814
"1,3-diacetoxypropa-2-one",382565.0558,1470495.345
"2,2-dimethyl-1-nitropropane ",183671.0037,203052.1415
Propyl pyruvate,473113.3829,834601.4898
"Methyl (2RS,3SR,4RS)-2-phenyl-4-(phenylseleno)tetrahydro-3-furancarboxylate",28143.12268,74774.67412
"1,3-Dioxolane, 2-hexyl-",322669.145,141022.3464
"DL-2,3-Butanediol",291618.9591,199925.5121
Toluene,12076479.55,59115.45624
"Pentane, 1-propoxy-",227972.119,6495.344507
4-Azido-3-bromobenzene,43434.94424,68986.96462
"1-Propene, 3-fluoro-",592107.8067,87169.45996
"Hydrazine, 1,1-dimethyl-",979481.4126,36631.28492
(S)-3-tert-Butylperoxy-1-cyclohexene,1039.033457,185579.1434
1-(1-Ethoxyethoxy)-5-pentanol,30171.00372,724579.1434
"Disulfide, dimethyl",16027213.75,71087.52328
"3,5,7-Trimethyloxepan-2-one",68091.07807,196001.8622
(RS)-4-(tert-Butoxy)-3-methylbutanal,36061.33829,48843.57542
"2,3-Dimethylsuccinodinitrile",122085.5019,176422.7188
"Propanoic acid, 2-methylpropyl ester",162154.2751,12139.6648
"Furan, 2,3-dihydro-4-methyl-",394574.3494,3651100.559
CROTONIC ANHYDRIDE,99074.34944,244184.3575
.alpha.-Methylbenzylnitrile,49263.94052,23400.37244
3-Methyl-1(E)-3butadienyl tert-butyl sulfide,227379.1822,1037258.845
(-)-Lavandulol ,75351.30112,1988968.343
"2-Octenal, (E)-",49392.19331,228817.5047
2-carbomethoxy-bicyclo[2.2.1]heptane(exo) ,36628.25279,68124.76723
Hydrazino(3-phenylsydnon-4-yl)methanone oxime,17750.92937,99124.76723
"1,3-Propanediol, 2-methyl-2-propyl-, dicarbamate",169081.7844,1510754.19
Cyclopropane,300821.5613,68266.29423
"Hexanoic acid, 5-oxo-, methyl ester",241027.881,296588.4544
methyl monoterpenyl succinate,9265.799257,151670.3911
(+-)-3-Hydroxy-2-methylenepentanoic acid,41263.94052,19469.27374
"anti-4-Ethoxy-4,5-dihydro-5-methoxy-5-methyl-2(3H)-furanone",119557.6208,165873.3706
Diisobutyl cellosolve,245052.0446,1146353.818
.alpha.-(3-hydroxyphenoxy)acetophenone,678052.0446,73702.04842
"1-Butanol, 3-methyl-, acetate",1102217.472,107067.0391
1-bromo-1-chloropentane ,55830.85502,107677.8399
(S)-4-Aminobenzyl methyl sulfide,94604.08922,6045601.49
"3-Penten-2-one, 3-methyl-",3314754.647,1922709.497
1-Nitro-2-(but-3-enyl)cyclohexane,43713.75465,78039.10615
methyl hydroxycarbamoyldiazirine-3-carboxylate,179089.2193,152955.3073
(R)-1-(Methoxyethoxymethoxy)methyl-1-methyloxirane,1031126.394,800599.6276
"N,N-Dimethyl-2,2-bis(1'-naphthyl)acetamide",141644.9814,796180.6331
"N-(Tosylmethyl)-2,2-dimethylpropanamide",212771.3755,315394.7858
"2-(diphenylphosphinoyl)-5,5-dimethyl-1,3-dioxane",182823.4201,30467.41155
4-Fluoropyridine,18146.84015,16659.21788
"2,3,5,7,15-Pentaacetoxy-8-(tigloyloxy)-9,14-dioxo-Jatropha-6(17),11(E)-diene",7635.687732,246251.3966
Bicyclo[2.1.0]pentane ,107687.7323,339623.8361
"(1,1-Dideuteriocyclopropyl)acetaldehyde ",321139.4052,142188.0819
4-Picolyl butyl ether ,12814.12639,8648.044693
"(RS)-3,4-Dihydro-4-methyl-2-pyridone",328148.6989,242417.1322
"Butane, 1-chloro-",1729858.736,72050.27933
10-Methoxydec-8-yn-7-one,10195.16729,70055.86592
"3-Heptanone, 2,4-dimethyl- ",131444.2379,40083.79888
"2,5-Dimethylhexane-2,5-dihydroperoxide",7838574.349,146620.1117
"Benzene, 1,3-dimethyl-",151801.1152,5741281.192
"1-O-Acetyl-2-azido-2,3,6-trideoxy-.alpha.-DL-ribo-hexopyranose",18462.82528,333527.0019
2-Heptanone,1735410.781,118752.3277
"1,6-Anhydro-2-chloro-.beta.,D-erythro-hex-3-enpyranose",3741.635688,193011.1732
1-Methoxyhexan-2-ol ,126412.6394,104182.4953
2-Pyridinecarboxylic acid,125105.948,676718.8082
"2(3H)-Furanone, dihydro-5-propyl-",86120.81784,548446.9274
"4-Allyl-5,5-dimethylcyclohexane-1,3-dione",1263.94052,663618.2495
"1-Cyano-2,6-dimethyl-1,5-heptadien-3-ol",35840.1487,2068478.585
"4,4-Dimethoxybutanal",100425.6506,23722.53259
exo-3-(Phenylsulfonyl)bicyclo[3.2.1]octan-8-one,217018.5874,28504.65549
"Propanal, 2-methyl-",249977.6952,303960.8939
"4-Ethylene Ketal of t-5,c-10-Dimethyl-r-1H-bicyclo[5.3.0]dec-6-ene-4,8-dione",105379.1822,55532.58845
E-Citral ,79161.71004,54921.78771
2-Acetyl-2-methyltetrahydrofuran,244594.7955,34070.7635
"3,5-Diamino-1,2,4-triazole",233163.5688,19595.90317
"2,6-Dimethylhepta-1,5-diene-5,5-dicarbonitrile",89518.58736,34376.16387
N-Methoxy-N-methylpropionamide,38449.81413,150439.4786
"(1S,6R)-6-Methyl-3-isopropyl-5-oxocyclohex-3-enecarbonitrile",533650.5576,10201.11732
(S)-2-Ethyl-5-oxotetrahydrofuran-2-carboxylic acid,176291.8216,79415.27002
t-Butyl .alpha.-Cyano-.alpha.-(formylamido)-.beta.-(p-methylphenyl)propanoate,24617.10037,5186275.605
p-Methylhydrocinnamic acid ,7704.460967,94048.41713
2-Oxetanone,257234.2007,44273.74302
"1-(exo)-dimethoxymethyl-4,7-bis(trifluoromethyl)-1a,5,7a,7b-tetrahydro-1H-cy...",3455306.691,207845.4376
1-METHOXY-1-(TRICHLOROMETHYL)CYCLOHEXANE,22646.84015,23905.02793
4-Ethyl-2-methylpyrrole-3-carbonitrile,99855.01859,458878.9572
N-(But-2-enoyl)prop-2-enamide,294899.6283,756536.3128
"1,1,2,2,3-hexafluoro-4-decanone ",36957.24907,55692.73743
"(1S,5S)-2-oxa-6-azabicyclo[3.3.0]octan-3-one",30585.50186,34223.46369
"1,3-Benzenediol, monobenzoate",20858.73606,14234.63687
1-Acetoxymethyloxyundec-10-ene,43018.58736,454258.8454
Cyclopropylmethyl cyclopropane-1-carboxylate,11918.21561,71811.91806
"Disulfide, dihexyl",158178.4387,24052.14153
"2,2,6-Trimethyl-4H-1,3-dioxin-4-one",4693312.268,229651.7691
"N-Allyl-N,N-dimethylamine",4101265.799,121581.0056
"3,3',5,5'-TETRAMETHYL-1,1'-BIADAMANTE",108929.368,8346.368715
"Ethyl 4-(chloromethylene)-2,2-diphenyl-3-oxazoline-5-carboxylate",786775.0929,246096.8343
Octyl Trifluoromethylsulfoxide,99284.38662,243206.7039
(S)-3-Amino-4-cyclohexyl-2-methylbutan-2-ol,93685.87361,62564.24581
"N-(1'-Ethyl-4'-piperidinyl)-2-methoxy-5-[N-methyl-N-(4""-toluenesulfonyl)amin...",153648.6989,35171.32216
Methoxycyclopentaneacetonitrile,72377.32342,55737.43017
"1-Propene, 2-methyl-",405137.5465,3202.979516
"Dimethyl 1,3,3-trimethylcyclobutan-1-ol-2,4-dicarboxylate",4464.684015,93137.80261
"3-Oxa-7-thiatricyclo[3.3.0.0(2,4)]octane 7,7-dioxide",517297.3978,144824.9534
"(1R,2R)-1,2-Dihydroxy-3-cyclohexene",63113.3829,4011.173184
Methyl 2-Butenyl Ether,50003.71747,795448.7896
"2-Propanol, 1,1'-oxybis-",430271.3755,5797.020484
Ethyl 2-Nonylacrylate,170592.9368,99690.87523
"N,N-diethyl-2-(2-(2-phenylethylcarbonyl)phenoxy)ethamine",10596.65428,2519108.007
"(1R,2R)-2,3-Dibenzyloxy-1-[2-(1,3-dioxolan-2-yl)]ethylpropyl methanesulfanate",60684.01487,436469.2737
"trans-3-Hexene-2,5-dione",480184.0149,103040.9683
4-Hydroxy-4-phenylcyclohexanone - ethylene ketal,368046.4684,192432.0298
"2,2,5,5-Tetramethylhexane-3,4-diol",454773.2342,219318.4358
"2-[(E)-Buta-1,3-dienylmethyl]cyclohexylmethyl acrylate",145643.1227,4834929.236
3-Methoxy-2-propenal ,22141.26394,187966.4804
".alpha.-Carboxy-.alpha.-methyl-.gamma.,.gamma.-dimethyl-.gamma.-butyrolactone",69520.4461,41398.51024
"4-Heptanol, 4-methyl-",748276.9517,426052.1415
"(7Z,11Z)-Hexadecadienal",64256.50558,570949.7207
3-Pentanone,67115.24164,359554.9348
"6,7-Bis(hydroxymethyl)-3-thiabicyclo[3.2.0]heptane 3,3-dioxide",39302.97398,185027.933
"Piperidine, 1-acetyl-",126888.4758,195487.8957
"1-(Iodomethyl)-2,2-dimethylcyclopentane",121624.5353,58234.63687
Chromonar ,61918.21561,15316.57356
"(1R*,2R*)-Dimethylcyclopentan-1-ol",47682.15613,801931.0987
"2,2,5,5-Tetradeuteriomethoxycyclohexane",7459.107807,218435.7542
Farnesol ,274700.7435,50575.41899
Vinyl N-cyclohexylcarbamate,261462.8253,24940.40968
1-AZIDO-1-PHENYLETHYLENE ,14713.75465,2778536.313
(Z)-4-aminocrotonic acid ,42115.24164,1020491.62
trans-isopropyl(phenyl-seleno)sulfine,2215529.74,161437.6164
"1-tert-Butyl-1,4-dihydro-4-(1-methylethyl)-5H-tetrazol-5-one ",1144477.695,117525.1397
"1-Chloro-3-methyl-1-[(2'-nitrobenzene)sulfinyl]-1,2-butadiene",17652.41636,12741.15456
"2,2-Dimethyl-3-(1'-methyl-1'-propenyl)cyclobutane-1-ethyl formate",54066.9145,39182.49534
Dec-1-en-4-ol,27360.5948,287670.3911
Phosphorus trifluoride,15555.76208,6402.234637
cyclopentanecarbonitrile ,53048.32714,24830.54004
"1-Butanol, 2-ethyl-",403182.1561,38776.53631
"Isopropyl O-(isobutoxycarbonyl)-2,3,4-trideoxy-4-methyl-.alpha.-D-erythro-he...",1104951.673,107394.7858
"5.18 Pyrazine<2,5-dimethyl->",3612072.491,59385.47486
"methyl tetradeca-12,13-dienoate ",98566.9145,22294.22719
"N-[(5R)-10,10-Dimethyl-3,3-dioxo-3-thia-4-azatricyclo[5.2.1.0(1,5)]dec-4-yl]...",36256.50558,130884.5438
Methyl ester of cis-2-Chlormethyl-tetrahydrofuran-3-carboxylic acid,45687.73234,84266.29423
[(acetonyloxy)methyl]-15-crown-5,269178.4387,153000
Neopentyl 2-hydroxybutanoate,831682.1561,267776.5363
1-(.alpha.-Hydroxybenzyl)cyclopentanol,131111.5242,483681.5642
"(2R,3S)-{3-[4-[(Tetrahydropyran-2-yl)oxy]but-2(E)-enyl]oxiranyl}methanol",43323.42007,18324.02235
"(2S)-2-Allyloxy-1,4-bis[(methanesulfonyl)oxy]butane",35176.57993,32439.47858
"(1'RS,2RS,3'S,5'R)-[5'-((tert-Butyldimethylsilanyl)oxy)-3'-fluoro-2'-methyle...",75265.79926,473543.7616
2-acetonylcyclooctanone ,163949.8141,11163.87337
"(E)-2-(1-Hydroxy-2,2-dimethylpropyl)-2-(methylthio)thiolane 1-oxide",71535.31599,42121.04283
Butanal,27862.45353,220072.6257
Bicyclo[2.2.2]oct-5-en-2-one,24197.02602,377903.1657
(E)-Methacrolein oxime,372472.119,1774700.186
"2,5-Dihydro-3,4-dimethylthiophene 1-oxide",38072.49071,114270.0186
"(3S,4R)-3,4-Dihydroxy-5-cyano-1-pentene",92838.28996,4513.96648
3-(Hydroxymethyl)cyclohex-2-en-1-one,31053.90335,86474.86034
2-Nonanone,3431027.881,71564.24581
"(E)-3-methyl-2,4-pentadien-1-ol ",403592.9368,15737.43017
n-Fluorodacane ,597169.145,35681.56425
"tricyclo[4.3.2.0(1,6)]undeca-2,4-diene",33457.24907,62661.08007
Tetraethyleneglycol diglycidyl ether,82308.55019,6737.430168
"2,5-Anhydro-3,4,6-trideoxy-6-azido-D-iditol",26249.07063,8918.063315
"Trisulfide, dimethyl",7562310.409,14454.37616
1-Cyclohexyl-2-methylbut-3-en-1-ol,233626.3941,143893.8547
"2-((1R,2S,5R)-Menthyl)tetrahydropyran",38109.66543,270841.7132
"4-Methyl-9-oxo-8-oxa-3,5-nonanothiazole-3-ium bromide",38068.77323,6138163.873
ENDO-2-AMINO-9-OXABICYCLO(3.3.1)NON-6-ENE,203366.171,1354476.723
2-Propenal,242719.3309,33713.2216
"(1,1,2,3,3,3-hexafluoropropyl)cyclopentane",108821.5613,99059.59032
4-(4-Nitrophenylazo)-N-ethyl-N-[2-(methacryloyloxy)ethyl]aniline,5109.665428,1061279.33
"(E,Z)-6-Phenyl-5,11-didecadienal",14226.7658,193787.7095
"5,7-Epoxy-5H-naphtho[1,8a-b]furan, 2-propenoic acid deriv.",15122.67658,25890.13035
.alpha.-Isobutyl-.alpha.-(formylamino)acetonitrile,74966.54275,67562.38361
"3,3-Bis(methoxymethyl)oxacyclobutane",313654.2751,67590.31657
2-Acetoxy-tetrahydrofuran,118687.7323,20862.19739
"(5,5-Dimethyl-1,3-dioxan-2-yl)-phenylmethanol",29542.75093,2783344.507
t-Butyl .alpha.-(Dibromomethylidenamino)-.alpha.-cyano-.beta.-phenylpropanoate,16778.81041,6772566.108
"Pentane, 3,3-dimethyl-",217291.8216,16184.35754
3-cyano-1-methoxymethoxyhept-2-ene,220377.3234,19264.43203
Methyl ester of 3-methyl-1-phenylpyrazole-4-carboxylic acid,11408.92193,41234.63687
"1,4-Diazido-2,5-dimethylcyclohexane",27503.71747,53945.99628
"Pyrazine, 2-ethyl-6-methyl-",692970.2602,205420.8566
"1,4-diphenylbut-3-ene-2-ol",86312.26766,427545.6238
"3-Methylbut-2-enoic acid, 2-dimethylaminoethyl ester",848968.4015,213750.4655
3-(1-Methylpyrrolyl)-3-azoacetone,71163.56877,266992.5512
"(E)-1,3-Bis(1-hydroxycyclohexyl)propene",175503.7175,8027.932961
"(Z)-3-Deuterio-N-(2-deuteriomethyl-3,3-dimethylbutyl)-2-methylallylamine",57486.98885,139299.8138
"2,5-Dimethyl-4-vinyl-hex-5-en-2,3-diol",96416.35688,41856.6108
"5-Methyl-5-( 2'-propynyloxy)-1,2-octadien-7-yn-4-one",105693.3086,68366.85289
4-Pyridinecarboxamide,211488.8476,490553.0726
"(1R,2S)-1,2-Dimethoxy-1,2-diphenylethane",1114669.145,10962.75605
"5-oxo-5,6-secocholest-3-en-6-oic acid",90455.39033,157988.8268
"3,3-dimethylpentane-2,4-dione ",145405.2045,55409.68343
[5-methyl-3-(3-butenyl)]isoxazole ,135743.4944,55677.83985
"(3R*,4R*)-3,4-Epoxy-7-hydroxy-1-phenylhept-1-yne",14288.10409,73713.2216
"3-[(N,N-Diethylamino)carbonyl]-5-methylpyrazole",12511.15242,8862.197393
"5-hydroxy-1-deutero-1,2-pentadiene",72013.01115,572845.4376
"N,N-Diethyl-3-(2-pyridyl)-3-oxo-propionamide",3414.498141,14670.39106
4-Isopropyloxazolidin-2-one,12873.60595,381530.7263
Chromafenozide,7810557.621,14076.35009
"3-(t-Butyl)-4,4-dimethyl-1-penten-3-ol",559215.6134,406782.1229
"1,3-Propanediamine, N'-(ethylcarbonimidoyl)-N,N-dimethyl-",1575488.848,3595109.87
"(R,R)-(+)-3-(2-Oxopyrrolidin-3-yl)butanoic acid",1232011.152,49448.78957
"trans-1,4-Diacetoxy-2-butene",1237031.599,37581.00559
"Octa-1,3,7-triene-3,4-oxide",867860.5948,43864.05959
Ethyl 4-Methylheptanoate,1050271.375,4865810.056
"1,2-Ethanediol, monoacetate",940949.8141,1203046.555
[(E)-1-butyl-2-hex-2-enylidene]cyanamide,533579.9257,13724588.45
"2-Hydroxy-5-methylcyclohepta-2,4,6-trien-1-one",373269.5167,149661.0801
"(2R,5R)-2-tert-Butyl-5-(N,N-dimethylaminomethyl)-1-aza-3-oxabicyclo[3.3.0]oc...",163247.2119,164167.5978
"[3-Amino-1,2,2-trimethylcyclopentyl]methyl acetate",98853.15985,734469.2737
"Butane, 2-isocyanato-",116312.2677,125000
Acetic acid,6883180.297,170100.5587
"1,3-Benzenediol, o-(2-methoxybenzoyl)-o'-propargyloxycarbonyl-",50336.43123,159888.2682
3-Ethyl-2-methyl-2-heptanol,267979.5539,436683.4264
7.ALPHA.-METHACRYLOYLOXY- OR -TIGLINOYLOXY-9.BETA.-METHACRYCOYLOXY-OR -TIGLI...,39171.00372,109817.5047
Methyl propargyl ether,359213.7546,80554.93482
"(trans)-1,2,5-heptatriene",14148.69888,2822405.959
3-Hexanone,341537.1747,581828.6778
"(2R,4R)-2,4-dimethylhexan-1-ol",14749.07063,24746.74115
Methyl (E)-4-Hydroxy-6-methoxy-2-hexenoate,40334.57249,24554.93482
"1-[1,2,4]Triazol-1-ylethanone",571262.0818,56072.6257
"4-hydroxy-4-(trifluoromethyl)-2,5-cyclohexadien-1-one",46416.35688,46303.53818
"(4S,6S,1E)-3-(Acetoxymethylene)-6,7-dihydroxy-7,11-dimethyldodeca-1,10-dien-...",107998.1413,22512.10428
Photocitral a ,174572.4907,12945.99628
"N,N'-Dicyclohexyl-N,N'-diisopropyloxomalonamide",32397.76952,70528.86406
"3-(Chloromethyl)-1,1,2,2-tetramethylcyclopropane",120481.4126,107605.2142
6-Iodo-1-octene,78860.5948,504890.1304
3-(o-Anisyl)-3-phenylpropenal,119726.7658,77750.46555
"1,3-Dioxolane, 2-butyl-2-methyl-",466566.9145,517843.5754
"Methane, isocyanato-",461513.0112,2355960.894
Cyanopyrazine,1887271.375,8113.594041
Ethyl amino(phenyl)acetate,2680951.673,41653.63128
(E)-2-Tetradecen-1-ol,71122.67658,150145.2514
5-Propyltetrahydropyran-2-one,57763.94052,72538.17505
"(3R*,5S*,6R*)-3-Isopropyl-6-phenyl-5-(2,6-xylidino)-1,2,4-trioxane",34832.71375,258823.0912
4-Methoxy-1-nonene ,20369.88848,4739992.551
"meso-4,6-Dimethyl-2-(1'-ethoxycarbonylmethylene)-1,3-dioxane",81760.22305,240014.8976
Methyl 3-hydroxy-2-(p-toluenesulfonyloxy)methyl-10-tetrahydropyranyloxydecan...,36120.81784,484590.3166
"2-(1-Propenyl)-2-n-butyl-1,3-oxathiane",42654.27509,563495.3445
5-methyl-5-nitro-2-hexanone ,92308.55019,59381.75047
N-Ethyl-2-isopropoxycarbonylazetidine,35440.52045,16918.06331
Propanoic acid ,3600078.067,1702225.326
"3-Hydroxy-4-methoxybenzaldehyde, TBDMS",14871955.39,841165.7356
1-METHOXYBICYCLO(3.2.1)OCTANE,289726.7658,7173.184358
"6-Methyl-2,6-heptadienal ",167500,116454.3762
"1,1,2,3-tetrmethylcyclobutane",122466.5428,15577.28119
2-(Tetrahydropyran-2-yl)oxy-5-hexen-3-ol,363975.8364,21415.27002
"2,3,4-Trimethyl-2-pentanol",766960.9665,244402.2346
2-Dimethylamino-3-cyano-5-methylhex-4-en-1-nitrile,89780.66914,431210.4283
2-[(1-Ethynyl-1-methyl-2-propenyl)oxy]ethanol,213228.6245,375256.9832
"4-Cyclohexyl-5,5-dimethylcyclohexane-1,3-dione",326615.2416,12664.80447
O-Isopropyl(Z)-S-4-Phenylbut-3-enyl Dithiocarbonate,10420.07435,749037.2439
Dimethyl Sulfoxide,253760.223,532072.6257
"(S)-3,4-Dimethylpentanol",646990.7063,42273.74302
"1,2,4-Triazin-3-amine, 5,6-dimethyl- ",369524.1636,5886.405959
"1-(1,3-Dimethyl-1H-pyrazol-4-yl)ethanone",2713685.874,7003.724395
"Ethanamine, 2-(methylseleno)-",926791.8216,18275.60521
"2-oxa-4-methylene-6-(methylethenylcarbonyloxy)-8-acetoxy-8,12-dimethyl-9,13-...",66672.86245,798262.5698
testosterone 17b-acetate TMS,44940.52045,68188.08194
Methyl 4-trifluoromethyl-3-(2-chlorophenyl)-1H-pyrrole-2-carboxylate,876141.2639,224839.851
"5,5-Dimethyl-1-oxaspiro[5.5]undec-2-ol",17486.98885,15653.63128
"Cycloheptasiloxane, tetradecamethyl-",1985866.171,765344.5065
"Acetic acid, dodecyl ester",14434.94424,74525.13966
"1-Methyl-3,4-diamino-cyclohexane",38102.23048,25402.23464
3-ETHYL-PENTAN-2-OL ,29697.02602,79545.62384
"1-Methyl-1-(2,3-butadienyl)hydrazine",22737.91822,118126.6294
1-Methoxycarbonyl-2-methylimidazole,138529.7398,43102.42086
"(5S,6R)-4,5-Dimethyl-6-phenyl-3,4,5,6-tetrahydro-2H-1,3,4-oxadiazin-2-one",56262.08178,144497.2067
2-Methylpropyl-1-nitrile,48719.33086,17878.95717
"2,3,4-Trimethyl-5-hexen-3-ol",660410.7807,33411.54562
"2-(t-Butyl)-3-pivaloyl-1,3-oxazolidin-5-one",947092.9368,337864.0596
"1-BENZYLOXYMETHYL-1-HYDROXYMETHYL-2,5-CYCLOHEXADIENE",35973.9777,50985.10242
"Benzoic acid, methyl ester",2387676.58,136813.7803
(E)-1-(Hex-2-enyloxy)butan-2-one,57174.72119,72499.0689
1-Deuterio-2-cyclohexenyl acetate,21773.2342,134378.0261
Tetrahydrofurfuryl acrylate,38620.81784,106649.9069
"2,2-Dimethylpropanoic anhydride",40596.65428,31947.85847
3-Ethoxy-2-butanone,359438.6617,1935765.363
"Ethanamine, N-methyl- ",158040.8922,13104.28305
"Heptan-2,3,6-trione",62118.95911,93724.39479
"1-(Methoxyphenyl)-4-phenyl-1,2,4-triazoline-3,5-dione",28643.12268,83664.80447
"Benzene, isocyanato-",79475.83643,8936.685289
4-(1-Methoxy-2-methylpropyl)pyridine,29189.59108,64297.95158
9-Hydroxyinalool,119828.9963,85238.36127
"Pentane, 2-chloro-",602589.2193,148113.594
"1,2,6,8-Tetramethoxy-7-methyldihydrodibenzo[b,f]cyclohepten-5-one",751050.1859,65059.59032
"Propanoic acid, butyl ester",58531.59851,29061.45251
2-Vinylfuran ,764680.2974,61175.04655
"1,3-Benzodioxole",1369771.375,2498141.527
"syn-(1RS,2'SR(E))-2-(3'-Amino-2'-methylpropylidene)cyclohexanol",146656.1338,30204.84171
2-[[4-Bromobut-2(E)-enyl]oxy]tetrahydropyran,32195.16729,103156.4246
"(E)-5,5-Difluoro-4-hydroxy-2-dodecen-6-one",42124.53532,178236.4991
"Ethyl 4-oxo-5,5-dimethylhexanoate ",5918.215613,38284.9162
2-Cyclopropyl-2-methyltetrahydrofuran,20910.78067,70003.72439
"Butanoic acid, 3-methyl-",465607.8067,371486.0335
4-(2'-methyltetrahydrofuran-2'-yl)butanone,10672.86245,25508.37989
"2,3-Dimethyl-2,3-butanediol cyclic carbonate",9150.557621,104044.6927
"Acetic acid, nonyl ester",691189.5911,791439.4786
"1,3-Benzenediol, o-(4-ethylbenzoyl)-o'-(3-methylbenzoyl)-",381434.9442,80783.9851
(+-)-Methyl 1-(1-chloro-2-phenyl-2-oxoethyl)-1H-tetrazole-5-carboxylate,43301.11524,37281.19181
Pent-4-enal,56288.10409,116286.7784
2-Dodecanone,945137.5465,165759.7765
2-Nitro-1-phenylpent-4-ene-1-one,42684.01487,40132.21601
Phenylazomethane-amidoxime,22427.50929,12607.07635
"exo-Tetracyclo[4.4.1.1(2,5).0(7,10)]dodeca-3,8-diene",20460.96654,25612.66294
"3,3a,4,5,6,6a-hexahydro-3a-methoxy-4-methyl-3-(4-nitrophenyl)pyrrolo[2,3-d]-...",62929.36803,520249.5345
"1-Propanol, 3-(methylthio)-",176869.8885,26616.38734
2-Methyl-2-chloro-3-(chloromethyl)butyrolactone,69355.01859,11932.96089
"Carbonic acid, monoamide, N-propyl-, benzyl ester",152773.2342,32288.6406
"N-Perfluorobutylsulfonyl-2,3,5,6-tetramethylaniline",39522.30483,77675.97765
"Cyclohexene, 1-methoxy-",73414.49814,543052.1415
2-(trans-2-Methyl-2-butenoxy)cycloheptene,89451.67286,23836.12663
"1,3,5-Heptatriene, (E,E)-",17665.42751,13715.0838
"2,6-Diisopropylfuran",68527.88104,25322.16015
"spiro[2,3-dihydroxy-1-oxa-5-oxocyclopentane--4,3'-1',2',5',6'-tetramethylbic...",73371.74721,12325.88454
"7-Methoxy-2,3-bis(methoxycarbonyl)-1-(2-chloro-4-pyridyl)-6-(cyclopentyloxy)...",33962.82528,2283551.21
Ethylene glycol monoisobutyl ether,266730.4833,48040.96834
2-Undecanol,422821.5613,21497.2067
N-[(5-Methyl-5-hexenyl)-2-oxy]pyridine-2(1H)-thione,13981.41264,89661.08007
Bis(1-norbornyl)mercury,70228.62454,6862.197393
2-Acetyl-5-methylthiophene,304778.8104,28675.97765
"Cyclooctasiloxane, hexadecamethyl- ",534394.052,1908703.911
"1-D1-1,2,4-TRIAZOLE",122615.2416,125690.8752
"Propanoic acid, hexyl ester",530996.2825,1743761.639
"[1R-(1.alpha.,2.alpha.,6.alpha.)]3,7,7-Trimethylbicyclo[3.1.1]hept-3-ene-2-t...",105420.0743,140007.4488
rac-r-3-Acetoxy-1-(4-methoxybenzyl)-C-5-(2-thiazolyl)-2-pyrrolidinone,11470.26022,1137821.229
1-METHOXY-BUT-2-YNE ,53455.39033,90579.14339
Guanidine carbonate,78784.38662,66562.38361
"3,7-Dioxo-4,8-dioxy-10-ethyl-1-tetradecene",200518.5874,86500.9311
N'-(Iodotetrafluoroethoxytetrafluoroethyl)sulfonyl-N-(diethylamino)cyclopent...,16486.98885,40837.98883
"1,6-Di-O-(Ethoxyethoxy)pseudo-D-arabinopyranose [2,3-Dibenzyloxy-1-(ethoxyet...",252096.6543,126007.4488
"Terbutaline, N-trifluoroacetyl-O,O,o-tris(trimethylsilyl)deriv.",52838.28996,45363.12849
"(R)-2-[3,3,3-D3]methylpropanoic acid",24481.41264,410802.6071
Formamide,71375.46468,21890.13035
"(4E)-2,2,4-Trimethylhex-4-en-3-one",9871.747212,22433.89199
dispiro[3.0.3.3]undecane-9-one,89005.57621,15467.41155
"(2R)-1,2-Dibenzyloxy-5-(1,3-dioxolan-2-yl)pentan-3-one",94947.95539,8893.854749
"2,5-Hexanediol, 2,5-dimethyl-",132920.0743,74389.19926
"5-hydroxy-1,2-pentadiene",20414.49814,120582.8678
1-Chlorooct-2-yl acetate ,28654.27509,335510.2421
"4,5-Dimethylocta-1,7-diene-4,5-diol",28724.90706,2087417.132
(tert-Butylsulfonyl)benzene,16680.2974,16169.45996
"2-Methoxymethyl-5-trimethylstannylpyrrolo[1,2-c]pyrimidin-1(2H)-one",64901.48699,485798.8827
"1,3-Bis(5-t-butylsilicyl)benzene",52561.33829,60381.75047
"3-Buten-2-ol, 4-phenyl-",131035.316,12022.34637
3-Butylisobenzofuran-1(3H)-one,103079.9257,76929.2365
"5-Decen-1-ol, acetate, (E)-",2870639.405,87633059.59
2-Azabicyclo[3.2.1]octan-3-one,1888592.937,165800.7449
"2-Pentyne, 5-methoxy-",20085.50186,25100.55866
"Ethanone, 1-(2,3,4-trimethylphenyl)-",196726.7658,49873.37058
2-OXOPROPIONAMIDE,98936.80297,73467.41155
"Cyclotrisiloxane, hexamethyl-",604284.3866,120216.0149
"Cyclotrisiloxane, hexamethyl- ",599204.461,70275.60521
6-Methylbenzimidazole-2-sulfonic acid,85970.26022,141467.4115
(S)-.alpha.-Isopropyl-.beta.-nitropropanenitrile,126791.8216,26640.5959
2-Methylpropanoic acid,103152.4164,39173.18436
Pentanoic acid,493944.2379,101108.0074
"2- and 4-(Trimethoxyacetoxy)-2,5,5-trimethyl-3-hexanone",84193.30855,192636.8715
"(2,2-Diiodo-1-methoxyethynyl)benzene",66907.0632,32340.78212
4-hydroxy-6-methyl-5-(3-methyl-2-buten-1-yl)-2-pyrrone,93568.77323,46785.8473
(E)-Oct-2-en-4-one,157321.5613,25067.03911
"Benzene, [(cyclohexyloxy)methyl]-",10823.42007,102551.2104
4-amino-2-methylbutanoic acid ,8470.260223,24182.49534
"1-Acetyl-4,5-dihydro-1H-pyrazole",26213.75465,23061.45251
(+-)-2-Octylvinyl carbonate,28535.31599,
(-)-Menthol Benzylsulfonate,68228.62454,
"Cyclopentane, 1-ethyl-2-methyl-",388016.7286,
"2-(2',2'-Dimethyl-1',3'-dioxan-4'-yl)-ethanol",22555.76208,
"6,7-Dimethylquinoxaline",15663.56877,
3-Cyanooct-1-en-4-ol,12087.36059,
Quinoline,66882.89963,
"1,4-Butanediol",329260.223,
"Propane, 2-isocyano-2-methyl-",10921.93309,
cis-3-[(1Z)-Butenyl]-2-vinyltetrahydrofuran,13167.28625,
4-n-Propylindan ,20434.94424,
"Benzenemethanol, 4-methyl-",1968009.294,
"Methane, dimethoxy-",98395.91078,
N-(2'-Phenyl-4'-penten-1'-oxy)-4-(p-methoxyphenyl)thiazole-2(3H)-thione,35130.11152,
"Tetradecanoic acid, ethyl ester",1651598.513,
"Butanoic acid, 2-methylcyclohexyl ester, cis-",172771.3755,
Ethyl 9-tetradecenoate,1974425.651,
"1,3-dihydro-1-(p-nitrostyryl)isobenzofuran",146830.855,
P-HYDROXYPHENYL ETHANEDIOL 3TMS,785291.8216,
TETRACOSAMETHYLCYCLODODECASILOXANE ,998574.3494,
2-Pentadecanol,763886.6171,
"Cyclononasiloxane, octadecamethyl-",483520.4461,
Methyl threo-16-acetoxy-9(10)-iodo-10(9)-nitratohexadecanoate,21708.17844,
"2,7-Epoxymegastigma-4,8(Z)-diene",112230.4833,
"diethyl 2,6-dimethyl-4-(3-pyridazinyl)-1,4-dihydropyridine-3,5-dicarboxylate",33152.41636,
"Cyclononasiloxane, octadecamethyl- ",319130.1115,
10-Undecen-1-ol,231174.7212,
5-Acetyl-2-methylpyridine,165537.1747,
"Propanoic acid, 3-(trimethylsilyl)-, methyl ester",41927.50929,
2-Heptadecanone,98513.01115,
"2-[1-(Methoxycarbonyl)azoethylidene]-5,6-dihydroimidazo[2,1-b]thiazol-3(2H)-one",3566.914498,
1-Dotriacontanol,22197.02602,
3-(1-Benzimidazolyl)quinoline ,13739.77695,
4-Quinolinol ,24799.25651,
"2,6-Octadien-1-ol, 3,7-dimethyl-, formate, (Z)-",138537.1747,
"Ethanol, 2-(3,3-dimethylcyclohexylidene)-",274332.7138,
"(R)-4-Methyl-6-(phenylmethoxy)hexane-1,4-diol",19868.02974,
3-Quinolinecarbonitrile,417375.4647,
(2-(Hydroxymethyl)-3-allyl)trimethylsilane,73098.51301,
cis-2-[Bis(4-bromophenyl)methyl]-N-[3-(4-methoxyphenyl)methyl]-1-azabicyclo[...,93217.47212,
"5,6-Dihydrobenzo[c]phenanthridin-6-one",108276.9517,
cis-2-Carbomethoxy-4-[(1-chloro-1-methyl)ethyl]terahydrofuran,125788.1041,
"1-Benzyloxy-2,6-dimethyl-8-(tetrahydropyran-2-yloxy)-(2E,6E)-2-octadiene",3291.821561,
"1,3-Benzenediol, o-(2-furoyl)-o'-(2-methoxybenzoyl)-",58994.42379,
"4,7-Bis(trimethylsilyl)-4,7-dihydro[2.2]paracyclophane",47650.55762,
"2-Methyl-2-(methylaminomethyl)propane-1,3-diol",43161.71004,
"Benzonitrile, 4-(chloromethyl)-; 3-Cyanobenzylchloride; 4-(Chloromethyl)benzonitrile #",71238050.19,
4-Quinolinecarboxaldehyde,72858.73606,
N-formyl-2-aminobenzaldehyde,22977.69517,
"10-Octadecenoic acid, methyl ester",100711.8959,
"1-aza-3-oxa-2,4,4-triphenyl-cyclopent-1-ene",15364.31227,
3-Methylene-4-methylpentan-1-ol ,35399.62825,
"1-(but-2'-ynoyl)-3,5-dimethylpyrazole",9631.97026,
"1-[1-(Toluene-4-sulfonyl)-4,5-dihydro-1H-pyrrol-2-yl]but-2-en-1-one",55061.33829,
"3,5-Bis(trifluoromethyl)phenyl 1-phenylpropyl Sulfone",46098.51301,
"Phthalic acid, cyclobutyl isobutyl ester",73529.73978,
2-Ethyl-1-butyl methylphosphonofluoridate,76579.92565,
1-Methyl-1H-6-methoxybenzotriazole,15325.27881,
"5-methoxy-1,2,3-trimethylbenzene ",188011.1524,
"Benzoic acid, 2,5-bis(trimethylsiloxy)-, trimethylsilyl ester",56745.35316,
4-Ethylbenzoic acid,97908.92193,
6-n-Butyltetrahydropyran-2-one,21767.65799,
Tetradecanoic acid,176905.2045,
"Phthalic acid, butyl cyclobutyl ester",98704.46097,
"2-Propenoic acid, 2-methyl-, methyl ester",11589.21933,
4-Vinylbenzoic acid ,114315.9851,
3-azido-2-hydroxy-N-(4-nitrophenyl)propane-1-sulfonamide,20221.18959,
"(4aR*,7aR*)-3,4a,7,7a-Tetrahydro-3,3-dimethyl-6,7-diphenyl-7-oxacycxclopenta...",17416.35688,
"1H-Indole, 2,3-dihydro-4-methyl-",104546.4684,
