Name,EPI300_pCC1_ATF1_iAAl,EPI300_pCC1_ATF1_AraiAAl,
(+-)-2-Acetylaminopentyl acetate,79415.27002,62719.61102,
"(3R*,4R*,5R*,6S*)-[(3,5-Dimethyl-4,6-bis-((tert-butyldimethylsilyl)oxy)-1-cy...",20916.20112,84583.4684,
"(4E)-2,7-Dimethyl-4-octene-3,6-dione",109817.5047,23079.41653,
"(E)-Deca-1,6-dien-3-one",34800.74488,42072.93355,
(R)-(+)-4-Iodo[2.2]paracyclophane,94048.41713,87027.55267,
[(N-1-Chloroprop-2-en-2-yl)aminomethyl]benzene,29061.45251,21121.55592,
"1-(3,5-Dibromo-4-hydroxyphenyl)-3,3-dimethylbutan-2-one",14214.1527,44197.73096,
1-(3-Methylbut-2-enyloxy)butan-2-one,91364.99069,53635.33225,
1-(Phenylsulphinylmethyl)cyclododecene,19299.81378,20850.89141,
1-(p-Methoxyphenyl)-3-phenyloxy-4-oxoazetidine-2-N-benzylN-methylenenitrone,84938.54749,187620.7455,
"1,1,1,3,5,7,9,11,11,11-Decamethyl-5-(trimethylsiloxy)hexasiloxane",543052.1415,457734.1977,
"1,4-Bis[2-[2-(dimethylamino)etoxy]ethenyl]benzene",4011.173184,25032.41491,
1-Allyl-cyclohexanol,25227.18808,30925.44571,
"1-Butanol, 3-methyl-",14238811.92,15067682.33,
1-Cyano-2-methylbuten-3-one,70487.89572,50095.62399,
1-Cyclopentyl-3-acetoxypropan-1-one,165873.3706,158043.7601,
1-Decanol,3114912.477,135118.3144,
"1'-Deoxy-1'-(phenylsulfonyl)methylene]-2',3'-isopropylidene-.beta.-D-ribofur...",132067.0391,90141.00486,
1-METHOXY-1-(TRICHLORMETHYL)CYCLOPENTANE,16659.21788,2047.001621,
1-methoxypentadecan-3-one,187966.4804,211552.6742,
"2-(3'-cyanobutyl)-1H-isoindole-1,3(2H)-dione",28675.97765,17059.96759,
"2,2-diethyl-1-germa-2-silabutane ",176422.7188,389132.9011,
"2,2-Dimethyl-5-(3-methyl-2,2-pentamethylenehexahydropyrimidin-1-ylmethylene)...",73713.2216,61499.18963,
"2,3-Pentanedione",109297.9516,152204.2139,
"2,4-dimethyl-4-formyl-2-butenolide",504890.1304,215316.0454,
"2,4-Di-tert-butylphenol",13066549.35,12638371.15,
"2,5-Dihydroxybenzaldehyde, 2TMS derivative",13098776.54,13099108.59,
"2,7-Octanedione",2778536.313,166264.1815,
2-Acetylthiazole,1516234.637,1196740.681,
2-Butanone,6507696.462,5975622.366,
"2-Butanone, 3-methyl-",5941091.248,5812776.337,
"2-Heptanone, 4-methyl-",27019350.09,27473510.53,
"2-Octanol, 2-methyl-",3851150.838,3630766.613,
2-Pentadecanone,8145081.937,8267758.509,
"2-Propanamine, 2-methyl-",796180.6331,258915.7212,
2-Propyn-1-ol,74774.67412,127781.1994,
"2-Pyridinecarboxylic acid, methyl ester",5797.020484,3474.878444,
2-Tetradecanone,2748078.212,772727.7147,
2-Tridecanol,1183046.555,1104961.102,
2-Tridecanone,18526383.61,19099408.43,
2-Undecanone,6991527.002,7723821.718,
3-(Hydroxymethyl)-1-phenyl-1-heptadecyn-3-ol,1478990.689,645580.2269,
3-(Methoxymethoxy)cyclohexene ,62661.08007,210081.0373,
"3,3,6-trimethyl-2-methylene-4-oxo-2,3-dihydrofuro[3,2-c]pyran",58733.70577,75257.69854,
"3,4-Dihydroxyphenylglycol, 4TMS derivative",90579.14339,118346.8395,
"3-Acetyl-2-methyl-9b-(1-naphthyl)-3aH-benzo[e]cyclohexa[1,2-b]furan",100635.0093,61243.11183,
3-Ethyl-4-methyl-3-heptanol,572845.4376,401640.1945,
"3-Formyl-N-methyl-9-[phenylethynyl]dibenzo[2,3-a : 5,6-a'] (1,4)-thiazine",4739992.551,4256538.088,
3-Methylbenzyl alcohol,2283551.21,1377137.763,
3-Penten-2-one,58234.63687,59165.31605,
4-(2-Naphthyl)-5-phenyl-4H-dibenzophosphole oxide,106022.3464,21411.66937,
"4,4-Dideuteriomethoxycyclohexane",27091.24767,210401.9449,
"4-Hexen-1-ol, 2-ethenyl-2,5-dimethyl-",335510.2421,298609.4003,
4-nitrophthalamide ,13724588.45,14244628.85,
5-(2'-oxopropyl)isoxazole ,45770.94972,195619.1248,
5-{Ethoxycarbonyl}-N(1)-[2'-(N,114955.3073,42170.17828,
5-{Ethoxycarbonyl}-N(1)-[3'-(N,501586.5922,73228.52512,
"5-Amino-1-methyl-1H-pyrazole-4-carboxamide, 3TMS",3492610.801,3439857.374,
"Acetic acid, decyl ester",749037.2439,5794572.123,
"Acetic acid, phenylmethyl ester",224839.851,3525820.097,
Acetone,12291744.88,11763706.65,
"Acetophenone, 4'-amino-",410802.6071,238525.1216,
Benzaldehyde,3595109.87,4504110.211,
"Benzene, 1,3-bis(1,1-dimethylethyl)-",6138163.873,5897145.867,
"Benzenemethanol, .alpha.-methyl-, propanoate",356707.635,738815.235,
"Benzofuran, 2-methyl-",104044.6927,54858.99514,
Benzoic acid,988284.9162,808445.705,
"Benzoic acid, 3-methyl-, methyl ester",145903.1657,134329.0113,
Benzyl alcohol,8439949.721,5899871.961,
Butanoic acid,258823.0912,128899.5138,
"cis-4-Methylcyclohex-3-ene-1,2-diol",199925.5121,12262.56078,
"Cyclohexane, 1,2-dimethyl-, cis-",1935765.363,4794944.895,
"Cyclohexasiloxane, dodecamethyl- ",9360638.734,2726935.17,
"Cyclooctasiloxane, hexadecamethyl-",485353.8175,690034.0357,
Cyclooctylhydroperoxide,207845.4376,110836.3047,
Cyclopentadecanone,3881364.991,3949768.233,
"Cyclopentasiloxane, decamethyl-",8744692.737,4455578.606,
"Cyclotetrasiloxane, octamethyl-",13129882.68,15215829.82,
Didehydro-7-[(trimethylsilyl)oxy*]-9-ketoabietic acid - methyl ester,847810.0559,736682.3339,
Dimethyl ether,97478230.91,87012275.53,
Dodecanoic acid,208547.486,101512.1556,
"Dodecanoic acid, ethyl ester",1137400.372,1535341.977,
"Ethanone, 1-(2,4-dimethylphenyl)-",717776.5363,541338.7358,
"Ethanone, 1,1'-(1,4-phenylene)bis-",94251.39665,73419.7731,
"Ethyl (2'-nitro-3'-oxo-6',7'-dihydro-3H,5H-benzo[ij]quinolizin-1'-yl)-cyanoa...",519554.9348,704231.7666,
Ethyl 4-(ethyloxy)-2-oxobut-3-enoate,39173.18436,25217.1799,
Ethyl 9-hexadecenoate,1181986.965,1109617.504,
Ethyl Acetate,2764340.782,28086222.04,
Formic acid,393601.4898,386808.752,
Fumaronitrile,1207452.514,1376478.12,
"Heptasiloxane, 1,1,3,3,5,5,7,7,9,9,11,11,13,13-tetradecamethyl-",1137821.229,1039912.48,
"Hexadecanoic acid, ethyl ester",696474.8603,536581.8476,
Hexanoic acid,791439.4786,292743.9222,
Indole,180666178.8,155210560.8,
Isobutyl acetate,443940.4097,1040115.073,
Isophthalaldehyde,203897.5791,478588.3306,
Lauryl acetate,884508.3799,4222598.055,
L-Proline,213750.4655,190416.5316,
"Methane, sulfinylbis-",170100.5587,151432.7391,
methyl 1-hydroxycyclopentane-1-carboxylate,161437.6164,109236.6288,
"Methyl 5-[3,3-bis(trimethylsilyl)oxiran-2-yl]pentanoate",16834.26443,26638.57374,
"Methyl ester of 2S-(1,2,3,4,4a,5,6,7,8,8a.alpha.-Decahydro-1.alpha.,5.beta.-...",11428.3054,229379.2545,
"N-[(2E),(1S)-1-(Methylethyl)-5-oxohex-2-enyl](tert-butoxy)carboxamide",36631.28492,22102.10697,
N-Isopropyl-2-chloro-2-methyl-3-butylimine,38776.53631,12559.15721,
OCTADECAMETHYLCYCLONONASILOXANE ,389459.9628,326837.9254,
"Octasiloxane, 1,1,3,3,5,5,7,7,9,9,11,11,13,13,15,15-hexadecamethyl-",7344216.015,6363695.3,
O-Vinyl - Dimethylglyoxime,150439.4786,2123578.606,
"Oxazole, 2-phenyl-",74389.19926,53854.1329,
p-Cresol,335845.4376,151552.6742,
"PENTAN-1,3-DIOLDIISOBUTYRATE, 2,2,4-TRIMETHYL- ",537206.7039,588090.7618,
Phenol,259823.0912,207254.4571,
"Propanoic acid, decyl ester",172225.3259,123685.5754,
"Propanoic acid, ethyl ester",4369407.821,8761423.015,
"Pyrazine, methyl-",756536.3128,677614.2626,
"Pyridine, 2,3,6-trimethyl-",1774700.186,1823222.042,
rac-(+-)-2-(tert-Butylsulfonyl)pentyl acetate,498754.1899,29907.6175,
"tert-Butyl (3,5-di-tert-butylphenyl) sulfide",23061.45251,26001.62075,
tert-Butyl-N-(2-fluoro-2-(1-methylvinyl)-4-pentylidene)amine,164167.5978,162374.3922,
"TRANS-4,5-DIMETHOXY-2-PENTENE ",50575.41899,10121.55592,
Vinyl trans-cinnamate,148113.594,77505.67261,
"1-Butanol, 3-methyl-, acetate",0,25547168.56,
,,,
,,,
,,,
,,,
,,,
,,,
,,,
,,,
,,,
,,,
,,,
,,,
,,,
,,,
,,,
,,,
,,,
,,,
,,,
,,,
,,,
