Name,EPI300_pCC1_ATF1_noAra,EPI300_pCC1_ATF1_Ara
"(1,1-Dideuteriocyclopropyl)acetaldehyde ",172773,25794
"(1S,5S)-2-oxa-6-azabicyclo[3.3.0]octan-3-one",16455,22109
"(2R,4R)-2,4-dimethylhexan-1-ol",7935,15025
"(3R*,4R*,5R*,6S*)-[(3,5-Dimethyl-4,6-bis-((tert-butyldimethylsilyl)oxy)-1-cy...",26867,8192
"(3R*,5S*,6R*)-3-Isopropyl-6-phenyl-5-(2,6-xylidino)-1,2,4-trioxane",18740,52427
"(3S,4S)-Hept-1-en-6-yne-3,4-diol",176885,181614
"(4S,6S,1E)-3-(Acetoxymethylene)-6,7-dihydroxy-7,11-dimethyldodeca-1,10-dien-...",58103,13539
"(E)-Deca-1,6-dien-3-one",35569,28097
(E)-Methacrolein oxime,200390,5411
"(S)-3,4-Dimethylpentanol",348081,191155
"1-(1,3-Dimethyl-1H-pyrazol-4-yl)ethanone",1459963,1731804
"1-(3,5-Dibromo-4-hydroxyphenyl)-3,3-dimethylbutan-2-one",64768,24705
1-(3-Methylbut-2-enyloxy)butan-2-one,13463,9534
1-(p-Methoxyphenyl)-3-phenyloxy-4-oxoazetidine-2-N-benzylN-methylenenitrone,509041,81577
"1,1,1-Trifluoro-4-ethoxybut-3-en-2-one",13723,19176
"1,3-Dioxolane, 2-butyl-2-methyl-",251013,1227338
"1,4-Butanediol",177142,152791
"1,6-Anhydro-2-chloro-.beta.,D-erythro-hex-3-enpyranose",2013,2928
"1-[1-(Toluene-4-sulfonyl)-4,5-dihydro-1H-pyrrol-2-yl]but-2-en-1-one",29623,16346
10-Methoxydec-8-yn-7-one,5485,9013
1-Allyl-cyclohexanol,21562,8341
"1-Benzyloxy-2,6-dimethyl-8-(tetrahydropyran-2-yloxy)-(2E,6E)-2-octadiene",1771,30815
1-bromo-1-chloropentane ,30037,941893
"1-Butanol, 3-methyl-, acetate",592993,9852328
1-Cyano-2-methylbuten-3-one,42117,42067
1-Decanol,2201615,469431
"1'-Deoxy-1'-(phenylsulfonyl)methylene]-2',3'-isopropylidene-.beta.-D-ribofur...",18509,59603
"1-Methyl-3-(3,4-dimethoxyphenyl)-6,7-dimethoxyisochromene",139696,175393
1-Nonanol,264581,92908
2-(Dibromomethyl)tetrahydropyran,14114,11410
"2-(diphenylphosphinoyl)-5,5-dimethyl-1,3-dioxane",98359,29756
"2,2,5,5-Tetradeuteriomethoxycyclohexane",4013,15960
"2,2-dimethyl-1-nitropropane ",98815,10648
"2,4-Di-tert-butylphenol",5112389,6660767
2-Acetyl-5-methylthiophene,163971,179293
2-Acetylthiazole,830233,873412
2-Butanone,4396690,3675270
"2-Heptanone, 4-methyl-",17236711,1292523
2-Methylpropyl-1-nitrile,26211,6365
2-Nitro-1-octanol,37459,5678
"2-Octanol, 2-methyl-",2372293,2301937
"2-Octenal, (E)-",26573,91396
2-Oxetanone,138392,290239
2-Pentadecanone,3709705,4941861
2-Pentanone,4593551,4001366
"2-Pentyne, 5-methoxy-",10806,41798
2-Propenoic acid,45163,22415
"2-Propenoic acid, 3-phenyl-, 2-methylpropyl ester",29876,40458
2-Tetradecanone,1252551,488187
2-Tridecanol,783834,612443
2-Tridecanone,9551262,12222121
3-(Hydroxymethyl)-1-phenyl-1-heptadecyn-3-ol,1734170,824387
"3,3,6-trimethyl-2-methylene-4-oxo-2,3-dihydrofuro[3,2-c]pyran",31397,38239
"3-Acetyl-2-methyl-9b-(1-naphthyl)-3aH-benzo[e]cyclohexa[1,2-b]furan",57282,42367
3-O-Ethoxymethyl-17.alpha.-carboxymethyl-17.beta.-estradiol,101855,509659
3-Tetradecanone,166862,92630
4-(2'-methyltetrahydrofuran-2'-yl)butanone,5742,22310
"4,4-Dideuteriomethoxycyclohexane",30273,23867
"4,4-Dimethoxybutanal",54029,150259
4-Fluoropyridine,9763,18655
4-Methyl-2H-pyran,111701,145488
4-Quinolinecarboxaldehyde,39198,51975
5-(2'-oxopropyl)isoxazole ,282645,10809
5-Chloro-3-(p-ethylphernyl)-2-nitrothiophene,119854,37801
5-Hexen-3-one,169262,169312
"6-Methyl-2,6-heptadienal ",90115,62397
6-n-Butyltetrahydropyran-2-one,11711,41423
7.ALPHA.-METHACRYLOYLOXY- OR -TIGLINOYLOXY-9.BETA.-METHACRYCOYLOXY-OR -TIGLI...,21074,2636
Acetic acid,3703151,3319033
"Acetic acid, nonyl ester",371860,676430
Acetone,8696808,7706009
Acetophenone,529774,614041
"anti-4-Ethoxy-4,5-dihydro-5-methoxy-5-methyl-2(3H)-furanone",64322,52517
Benzene,1157785,963500
"Benzene, 1,3-dimethyl-",81669,187581
"Benzenemethanol, .alpha.-methyl-, propanoate",181760,402155
"Benzenemethanol, 4-methyl-",1058789,1048582
Benzoic acid,559641,504722
"Benzoic acid, 3-methyl-, methyl ester",64251,69379
"Benzoic acid, methyl ester",1284570,1303911
Benzyl alcohol,3964301,4211337
Butanal,14990,17373
"Butane, 2-methoxy-2-methyl-",200598,165939
cis and trans-3-(Fluorodimethylsilyl)cyclohexyl acetate,180243,215318
"cis-2-(2,2-Dichloroethyl)-3-methyloxetane",11661,15159
cis-2-Carbomethoxy-4-[(1-chloro-1-methyl)ethyl]terahydrofuran,67674,66835
"Cycloheptasiloxane, tetradecamethyl-",1068396,840880
"Cyclohexasiloxane, dodecamethyl-",1617368,1461442
"Cyclohexasiloxane, dodecamethyl- ",4971582,5319931
"Cyclononasiloxane, octadecamethyl-",260134,166596
"Cyclooctasiloxane, hexadecamethyl-",416407,332480
Cyclopentadecanone,1869543,2375979
"Cyclopentasiloxane, decamethyl-",4828069,3259837
"Cyclotetrasiloxane, octamethyl-",9178407,377630
"Cyclotrisiloxane, hexamethyl- ",322372,15405861
Didehydro-7-[(trimethylsilyl)oxy*]-9-ketoabietic acid - methyl ester,485785,487477
Dimethyl ether,54805472,52903131
Dodecanoic acid,419494,352466
"Dodecanoic acid, ethyl ester",603783,922487
"Ethanol, 2-(3,3-dimethylcyclohexylidene)-",147591,166642
"Ethanone, 1-(2,3,4-trimethylphenyl)-",105839,90345
"Ethanone, 1-(2,4-dimethylphenyl)-",380034,360138
"Ethanone, 1,1'-(1,4-phenylene)bis-",48329,46803
Ethyl 2-oxirane-2-acetate,27619,2726
Ethyl 9-hexadecenoate,591454,630589
Ethyl 9-tetradecenoate,1062241,985779
Ethyl Acetate,2802236,17074470
Farnesol ,147789,54087
"Formic acid, 2-methylpropyl ester",240226,176660
"Furan, tetrahydro-2,2,5,5-tetramethyl-",2498631,159166
"Heptane, 4-methyl-",552149,445074
"Hexadecanoic acid, ethyl ester",309066,325978
Hydrogen isocyanate,553409,5499390
Indole,91290735,91075230
Isophthalaldehyde,116431,306298
isopropyl(trans-2-methylcyclopentyl)isopropoxyborane,26420,41179
Lauryl acetate,586972,2812201
"Methane, isocyanato-",248294,19425
Methoxycyclopentaneacetonitrile,38939,12954
Methyl Isobutyl Ketone,1219293,1008541
"methyl tetradeca-12,13-dienoate ",53029,13559
N'-(Iodotetrafluoroethoxytetrafluoroethyl)sulfonyl-N-(diethylamino)cyclopent...,8870,9563
N-Allylacetamide,7366,6450
OCTADECAMETHYLCYCLONONASILOXANE ,170547,187479
"Octasiloxane, 1,1,3,3,5,5,7,7,9,9,11,11,13,13,15,15-hexadecamethyl-",3770335,3952762
"Orthoformic acid, triisobutyl ester",5180082,4919141
p-Cresol,141129,86461
Pentanoic acid,265742,254159
Phenol,142065,134417
"Phthalic acid, butyl cyclobutyl ester",53103,58425
"Propanoic acid, 3-chloro-, 4-formylphenyl ester",15974,24435
"Propanoic acid, decyl ester",127462,87374
"Propanoic acid, ethyl ester",3897536,5038912
"Pyrazine, 2-ethyl-6-methyl-",372818,337906
Quinoline,35983,41028
"Terbutaline, N-trifluoroacetyl-O,O,o-tris(trimethylsilyl)deriv.",28427,32235
TETRACOSAMETHYLCYCLODODECASILOXANE ,537233,544282
"Tetradecanoic acid, ethyl ester",888560,1332755
Toluene,6497146,5733559
trans-1-Butyl-2-methylcyclopropane ,21797,14920
(E)-2-(But-2-enyloxy)-N-methoxy-N-methylacetamide,38021,
"(2S,3S)-3-Methoxy-2,4-dimethylpentanol",31119,
3-Oxobutyramide,240570,
"Cyclohexanone, 3-methyl-",17985,
t-Butyl 2-methylsuccinate,98419,
tris(Trimethylphosphane) rhodium chloride,20584,
Butyl trifluoroacetate,97751,
"Bis(3,4-dimethoxycinnamoyl)-L-tartaric acid",7829317,
2-O-methylbaeomycesic acid,15856609,
1-(2-Methylphenyl)pentan-1-one,841614,
Bis(4-methylpiperazin-1-yl)methane,1404148,
2-Methyl-1-cyclopentanol,173395,
"Isopropyl 3,7,11-trimethyl-11-methoxy-2-.xi.-dodecenoate",46551,
"Cyclopentanone, 2,4,4-trimethyl-",1272444,
2-amino-3-furfuryloxybenzoic acid,37479,
N-Methylformide ,496926,
"2-Propanol, 2-methyl-",578391,
5-{Ethoxycarbonyl}-N(1)-[3'-(N,18403,
Acetonitrile-d3,102682,
Allyl Butyl Ether,145639,
Methylene chloride,176035,
"1,3-Dimethyl-3-(2-propyl)azetidine-2,4-dione",33718,
"3,5-Dimethylbutyrolactone ",5290,
3-(2'-N-tert-Butoxycarbonylaminoethyl)cyclohex-2-en-1-one,2435207,
"2,7-exo-4,11,6-Dioxazatricyclo[6.2.1.0(2,7)]undec-9-ene-3,5-dione",10833,
5-(1-Methyl-1-methoxyethoxy)-1-tetrahydropyranyloxypentene,105468,
"[1R*,5S*]-1-(Phenylsulfonyl)-2-oxo-3-oxabicyclo[3.1.0]hexane",1074,
"Ether,1- propenyl propyl",592691,
anti-3-Methyl-5-methylenenon-2-en-4-ol,35851,
N-Methyl-2-isopropoxycarbonylazetidine,48080,
"1,3-diacetoxypropa-2-one",205820,
Propyl pyruvate,254535,
"Methyl (2RS,3SR,4RS)-2-phenyl-4-(phenylseleno)tetrahydro-3-furancarboxylate",15141,
"1,3-Dioxolane, 2-hexyl-",173596,
"DL-2,3-Butanediol",156891,
"Pentane, 1-propoxy-",122649,
4-Azido-3-bromobenzene,23368,
"1-Propene, 3-fluoro-",318554,
"Hydrazine, 1,1-dimethyl-",526961,
"2,3-Pentanedione",49111,
(S)-3-tert-Butylperoxy-1-cyclohexene,559,
1-(1-Ethoxyethoxy)-5-pentanol,16232,
"Disulfide, dimethyl",8622641,
"3,5,7-Trimethyloxepan-2-one",36633,
(RS)-4-(tert-Butoxy)-3-methylbutanal,19401,
"2,3-Dimethylsuccinodinitrile",65682,
"Propanoic acid, 2-methylpropyl ester",87239,
"Pentane, 2,2,4-trimethyl-",29822,
"Furan, 2,3-dihydro-4-methyl-",212281,
Thiazole,8820,
CROTONIC ANHYDRIDE,53302,
.alpha.-Methylbenzylnitrile,26504,
3-Methyl-1(E)-3butadienyl tert-butyl sulfide,122330,
(-)-Lavandulol ,40539,
2-carbomethoxy-bicyclo[2.2.1]heptane(exo) ,19706,
Hydrazino(3-phenylsydnon-4-yl)methanone oxime,9550,
"2,2-Dimethyl-3-(2-methyl-1-propyl)cyclobutanone",95900,
"1,3-Propanediol, 2-methyl-2-propyl-, dicarbamate",90966,
Cyclopropane,161842,
"Hexanoic acid, 5-oxo-, methyl ester",129673,
methyl monoterpenyl succinate,4985,
"3,3-dimethyl-2-phenylbutyl phenyl sulfone",11239,
(+-)-3-Hydroxy-2-methylenepentanoic acid,22200,
Diisobutyl cellosolve,131838,
.alpha.-(3-hydroxyphenoxy)acetophenone,364792,
Methyl trifluoroacetate,283105,
(S)-4-Aminobenzyl methyl sulfide,50897,
"3-Penten-2-one, 3-methyl-",1783338,
1-Nitro-2-(but-3-enyl)cyclohexane,23518,
methyl hydroxycarbamoyldiazirine-3-carboxylate,96350,
(R)-1-(Methoxyethoxymethoxy)methyl-1-methyloxirane,554746,
"N,N-Dimethyl-2,2-bis(1'-naphthyl)acetamide",76205,
"N-(Tosylmethyl)-2,2-dimethylpropanamide",114471,
"2,3,5,7,15-Pentaacetoxy-8-(tigloyloxy)-9,14-dioxo-Jatropha-6(17),11(E)-diene",4108,
Bicyclo[2.1.0]pentane ,57936,
4-Picolyl butyl ether ,6894,
"(RS)-3,4-Dihydro-4-methyl-2-pyridone",176544,
"Butane, 1-chloro-",930664,
"3-Heptanone, 2,4-dimethyl- ",70717,
"2,5-Dimethylhexane-2,5-dihydroperoxide",4217153,
"1-O-Acetyl-2-azido-2,3,6-trideoxy-.alpha.-DL-ribo-hexopyranose",9933,
"2-Propenoic acid, methyl ester",19493,
2-Heptanone,933651,
1-Methoxyhexan-2-ol ,68010,
2-Pyridinecarboxylic acid,67307,
"2(3H)-Furanone, dihydro-5-propyl-",46333,
"4-Allyl-5,5-dimethylcyclohexane-1,3-dione",680,
"1-Cyano-2,6-dimethyl-1,5-heptadien-3-ol",19282,
rac-(+-)-2-(tert-Butylsulfonyl)pentyl acetate,314429,
exo-3-(Phenylsulfonyl)bicyclo[3.2.1]octan-8-one,116756,
"Propanal, 2-methyl-",134488,
"4-Ethylene Ketal of t-5,c-10-Dimethyl-r-1H-bicyclo[5.3.0]dec-6-ene-4,8-dione",56694,
E-Citral ,42589,
2-Acetyl-2-methyltetrahydrofuran,131592,
"3,5-Diamino-1,2,4-triazole",125442,
"2,6-Dimethylhepta-1,5-diene-5,5-dicarbonitrile",48161,
"Ethyl (2'-nitro-3'-oxo-6',7'-dihydro-3H,5H-benzo[ij]quinolizin-1'-yl)-cyanoa...",31125,
N-Methoxy-N-methylpropionamide,20686,
"(1S,6R)-6-Methyl-3-isopropyl-5-oxocyclohex-3-enecarbonitrile",287104,
(S)-2-Ethyl-5-oxotetrahydrofuran-2-carboxylic acid,94845,
t-Butyl .alpha.-Cyano-.alpha.-(formylamido)-.beta.-(p-methylphenyl)propanoate,13244,
p-Methylhydrocinnamic acid ,4145,
"1-Butanol, 3-methyl-",9099000,
"1-(exo)-dimethoxymethyl-4,7-bis(trifluoromethyl)-1a,5,7a,7b-tetrahydro-1H-cy...",1858955,
1-METHOXY-1-(TRICHLOROMETHYL)CYCLOHEXANE,12184,
4-Ethyl-2-methylpyrrole-3-carbonitrile,53722,
N-(But-2-enoyl)prop-2-enamide,158656,
"1,1,2,2,3-hexafluoro-4-decanone ",19883,
"1,3-Benzenediol, monobenzoate",11222,
1-Acetoxymethyloxyundec-10-ene,23144,
Cyclopropylmethyl cyclopropane-1-carboxylate,6412,
"Disulfide, dihexyl",85100,
"2,2,6-Trimethyl-4H-1,3-dioxin-4-one",2525002,
"N-Allyl-N,N-dimethylamine",2206481,
"3,3',5,5'-TETRAMETHYL-1,1'-BIADAMANTE",58604,
"Ethyl 4-(chloromethylene)-2,2-diphenyl-3-oxazoline-5-carboxylate",423285,
Octyl Trifluoromethylsulfoxide,53415,
(S)-3-Amino-4-cyclohexyl-2-methylbutan-2-ol,50403,
"N-(1'-Ethyl-4'-piperidinyl)-2-methoxy-5-[N-methyl-N-(4""-toluenesulfonyl)amin...",82663,
"2-Methyl-1,4-butanediol",238813,
"1-Propene, 2-methyl-",217964,
"Dimethyl 1,3,3-trimethylcyclobutan-1-ol-2,4-dicarboxylate",2402,
"3-Oxa-7-thiatricyclo[3.3.0.0(2,4)]octane 7,7-dioxide",278306,
"(1R,2R)-1,2-Dihydroxy-3-cyclohexene",33955,
Methyl 2-Butenyl Ether,26902,
"2-Propanol, 1,1'-oxybis-",231486,
Ethyl 2-Nonylacrylate,91779,
1-(Phenylsulphinylmethyl)cyclododecene,20836,
"N,N-diethyl-2-(2-(2-phenylethylcarbonyl)phenoxy)ethamine",5701,
"(1R,2R)-2,3-Dibenzyloxy-1-[2-(1,3-dioxolan-2-yl)]ethylpropyl methanesulfanate",32648,
"trans-3-Hexene-2,5-dione",258339,
4-Hydroxy-4-phenylcyclohexanone - ethylene ketal,198009,
"2,2,5,5-Tetramethylhexane-3,4-diol",244668,
"2-[(E)-Buta-1,3-dienylmethyl]cyclohexylmethyl acrylate",78356,
3-Methoxy-2-propenal ,11912,
".alpha.-Carboxy-.alpha.-methyl-.gamma.,.gamma.-dimethyl-.gamma.-butyrolactone",37402,
"4-Heptanol, 4-methyl-",402573,
"(7Z,11Z)-Hexadecadienal",34570,
3-Pentanone,36108,
"6,7-Bis(hydroxymethyl)-3-thiabicyclo[3.2.0]heptane 3,3-dioxide",21145,
"Piperidine, 1-acetyl-",68266,
"1-(Iodomethyl)-2,2-dimethylcyclopentane",65434,
Chromonar ,33312,
"(1R*,2R*)-Dimethylcyclopentan-1-ol",25653,
Vinyl N-cyclohexylcarbamate,140667,
1-AZIDO-1-PHENYLETHYLENE ,7916,
(Z)-4-aminocrotonic acid ,22658,
trans-isopropyl(phenyl-seleno)sulfine,1191955,
"1-tert-Butyl-1,4-dihydro-4-(1-methylethyl)-5H-tetrazol-5-one ",615729,
"1-Chloro-3-methyl-1-[(2'-nitrobenzene)sulfinyl]-1,2-butadiene",9497,
"2,2-Dimethyl-3-(1'-methyl-1'-propenyl)cyclobutane-1-ethyl formate",29088,
Dec-1-en-4-ol,14720,
Phosphorus trifluoride,8369,
cyclopentanecarbonitrile ,28540,
"1-Butanol, 2-ethyl-",216912,
"Isopropyl O-(isobutoxycarbonyl)-2,3,4-trideoxy-4-methyl-.alpha.-D-erythro-he...",594464,
"5.18 Pyrazine<2,5-dimethyl->",1943295,
"N-[(5R)-10,10-Dimethyl-3,3-dioxo-3-thia-4-azatricyclo[5.2.1.0(1,5)]dec-4-yl]...",19506,
Methyl ester of cis-2-Chlormethyl-tetrahydrofuran-3-carboxylic acid,24580,
[(acetonyloxy)methyl]-15-crown-5,144818,
Neopentyl 2-hydroxybutanoate,447445,
1-(.alpha.-Hydroxybenzyl)cyclopentanol,70538,
"(2R,3S)-{3-[4-[(Tetrahydropyran-2-yl)oxy]but-2(E)-enyl]oxiranyl}methanol",23308,
"(2S)-2-Allyloxy-1,4-bis[(methanesulfonyl)oxy]butane",18925,
"(1'RS,2RS,3'S,5'R)-[5'-((tert-Butyldimethylsilanyl)oxy)-3'-fluoro-2'-methyle...",40493,
2-acetonylcyclooctanone ,88205,
"(E)-2-(1-Hydroxy-2,2-dimethylpropyl)-2-(methylthio)thiolane 1-oxide",38486,
Bicyclo[2.2.2]oct-5-en-2-one,13018,
"2,5-Dihydro-3,4-dimethylthiophene 1-oxide",20483,
"(3S,4R)-3,4-Dihydroxy-5-cyano-1-pentene",49947,
3-(Hydroxymethyl)cyclohex-2-en-1-one,16707,
2-Nonanone,1845893,
"(E)-3-methyl-2,4-pentadien-1-ol ",217133,
n-Fluorodacane ,321277,
"tricyclo[4.3.2.0(1,6)]undeca-2,4-diene",18000,
Tetraethyleneglycol diglycidyl ether,44282,
"2,5-Anhydro-3,4,6-trideoxy-6-azido-D-iditol",14122,
"Trisulfide, dimethyl",4068523,
1-Cyclohexyl-2-methylbut-3-en-1-ol,125691,
dichloromethyl propyl sulfone,36643,
"2-((1R,2S,5R)-Menthyl)tetrahydropyran",20503,
"4-Methyl-9-oxo-8-oxa-3,5-nonanothiazole-3-ium bromide",20481,
ENDO-2-AMINO-9-OXABICYCLO(3.3.1)NON-6-ENE,109411,
2-Propenal,130583,
"(1,1,2,3,3,3-hexafluoropropyl)cyclopentane",58546,
4-(4-Nitrophenylazo)-N-ethyl-N-[2-(methacryloyloxy)ethyl]aniline,2749,
"(E,Z)-6-Phenyl-5,11-didecadienal",7654,
"5,7-Epoxy-5H-naphtho[1,8a-b]furan, 2-propenoic acid deriv.",8136,
.alpha.-Isobutyl-.alpha.-(formylamino)acetonitrile,40332,
"3,3-Bis(methoxymethyl)oxacyclobutane",168746,
2-Acetoxy-tetrahydrofuran,63854,
"(5,5-Dimethyl-1,3-dioxan-2-yl)-phenylmethanol",15894,
t-Butyl .alpha.-(Dibromomethylidenamino)-.alpha.-cyano-.beta.-phenylpropanoate,9027,
"Pentane, 3,3-dimethyl-",116903,
3-cyano-1-methoxymethoxyhept-2-ene,118563,
Methyl ester of 3-methyl-1-phenylpyrazole-4-carboxylic acid,6138,
"1,4-Diazido-2,5-dimethylcyclohexane",14797,
"1,4-diphenylbut-3-ene-2-ol",46436,
"3-Methylbut-2-enoic acid, 2-dimethylaminoethyl ester",456745,
3-(1-Methylpyrrolyl)-3-azoacetone,38286,
"(E)-1,3-Bis(1-hydroxycyclohexyl)propene",94421,
"(Z)-3-Deuterio-N-(2-deuteriomethyl-3,3-dimethylbutyl)-2-methylallylamine",30928,
"2,5-Dimethyl-4-vinyl-hex-5-en-2,3-diol",51872,
"5-Methyl-5-( 2'-propynyloxy)-1,2-octadien-7-yn-4-one",56863,
4-Pyridinecarboxamide,113781,
"(1R,2S)-1,2-Dimethoxy-1,2-diphenylethane",599692,
"5-oxo-5,6-secocholest-3-en-6-oic acid",48665,
"3,3-dimethylpentane-2,4-dione ",78228,
[5-methyl-3-(3-butenyl)]isoxazole ,73030,
"(3R*,4R*)-3,4-Epoxy-7-hydroxy-1-phenylhept-1-yne",7687,
"3-[(N,N-Diethylamino)carbonyl]-5-methylpyrazole",6731,
"5-hydroxy-1-deutero-1,2-pentadiene",38743,
"N,N-Diethyl-3-(2-pyridyl)-3-oxo-propionamide",1837,
4-Isopropyloxazolidin-2-one,6926,
Chromafenozide,4202080,
"3-(t-Butyl)-4,4-dimethyl-1-penten-3-ol",300858,
"1,3-Propanediamine, N'-(ethylcarbonimidoyl)-N,N-dimethyl-",847613,
"(R,R)-(+)-3-(2-Oxopyrrolidin-3-yl)butanoic acid",662822,
"trans-1,4-Diacetoxy-2-butene",665523,
"Octa-1,3,7-triene-3,4-oxide",466909,
Ethyl 4-Methylheptanoate,565046,
"1,2-Ethanediol, monoacetate",506231,
[(E)-1-butyl-2-hex-2-enylidene]cyanamide,287066,
"2-Hydroxy-5-methylcyclohepta-2,4,6-trien-1-one",200819,
"(2R,5R)-2-tert-Butyl-5-(N,N-dimethylaminomethyl)-1-aza-3-oxabicyclo[3.3.0]oc...",87827,
"[3-Amino-1,2,2-trimethylcyclopentyl]methyl acetate",53183,
"Butane, 2-isocyanato-",62576,
4-Methyl-3-propylpyrrolidin-2-one,23768,
(Z)-3-Methoxy-1-(4-chlorophenyl)-1-(methylseleno)propene,9761,
"1,3-Benzenediol, o-(2-methoxybenzoyl)-o'-propargyloxycarbonyl-",27081,
3-Ethyl-2-methyl-2-heptanol,144173,
"trans-2,4-Bis(tert-butyldimethylsilyl)-1,3-dithietan-1,1,3,3-tetraoxide",12978,
Methyl propargyl ether,193257,
"1,5-Heptadiene-3,4-diol, 2-methyl-",232618,
"(trans)-1,2,5-heptatriene",7612,
3-Hexanone,183747,
2-13C-Methoxycyclohexane,39263,
Methyl (E)-4-Hydroxy-6-methoxy-2-hexenoate,21700,
"1-[1,2,4]Triazol-1-ylethanone",307339,
(E)-2-(But-2-enyloxy)butan-2-one,76000,
"4-hydroxy-4-(trifluoromethyl)-2,5-cyclohexadien-1-one",24972,
Photocitral a ,93920,
"N,N'-Dicyclohexyl-N,N'-diisopropyloxomalonamide",17430,
"3-(Chloromethyl)-1,1,2,2-tetramethylcyclopropane",64819,
6-Iodo-1-octene,42427,
3-(o-Anisyl)-3-phenylpropenal,64413,
Formic acid,296540,
Cyanopyrazine,1015352,
Ethyl amino(phenyl)acetate,1442352,
(E)-2-Tetradecen-1-ol,38264,
5-Propyltetrahydropyran-2-one,31077,
4-Methoxy-1-nonene ,10959,
"meso-4,6-Dimethyl-2-(1'-ethoxycarbonylmethylene)-1,3-dioxane",43987,
Methyl 3-hydroxy-2-(p-toluenesulfonyloxy)methyl-10-tetrahydropyranyloxydecan...,19433,
"2-(1-Propenyl)-2-n-butyl-1,3-oxathiane",22948,
5-methyl-5-nitro-2-hexanone ,49662,
N-Ethyl-2-isopropoxycarbonylazetidine,19067,
Propanoic acid ,1936842,
"3-Hydroxy-4-methoxybenzaldehyde, TBDMS",8001112,
1-METHOXYBICYCLO(3.2.1)OCTANE,155873,
"1,1,2,3-tetrmethylcyclobutane",65887,
2-(Tetrahydropyran-2-yl)oxy-5-hexen-3-ol,195819,
Decanoic acid,225169,
"2,3,4-Trimethyl-2-pentanol",412625,
2-Dimethylamino-3-cyano-5-methylhex-4-en-1-nitrile,48302,
2-[(1-Ethynyl-1-methyl-2-propenyl)oxy]ethanol,114717,
"4-Cyclohexyl-5,5-dimethylcyclohexane-1,3-dione",175719,
O-Isopropyl(Z)-S-4-Phenylbut-3-enyl Dithiocarbonate,5606,
Dimethyl Sulfoxide,136523,
"1,2,4-Triazin-3-amine, 5,6-dimethyl- ",198804,
"Ethanamine, 2-(methylseleno)-",498614,
"2-oxa-4-methylene-6-(methylethenylcarbonyloxy)-8-acetoxy-8,12-dimethyl-9,13-...",35870,
1-Octanol,1356906,
"2,5-Dihydroxybenzaldehyde, 2TMS derivative",7269865,
testosterone 17b-acetate TMS,24178,
Methyl 4-trifluoromethyl-3-(2-chlorophenyl)-1H-pyrrole-2-carboxylate,471364,
"5,5-Dimethyl-1-oxaspiro[5.5]undec-2-ol",9408,
"Acetic acid, dodecyl ester",7766,
"1-Methyl-3,4-diamino-cyclohexane",20499,
3-ETHYL-PENTAN-2-OL ,15977,
"1-Methyl-1-(2,3-butadienyl)hydrazine",12233,
1-Methoxycarbonyl-2-methylimidazole,74529,
"(5S,6R)-4,5-Dimethyl-6-phenyl-3,4,5,6-tetrahydro-2H-1,3,4-oxadiazin-2-one",30269,
"2,3,4-Trimethyl-5-hexen-3-ol",355301,
"trans-2-(2-Ethenylcyclohexyl)-2-methyl-1,3-dioxolane",238664,
2-Undecanone,3564840,
"2-(t-Butyl)-3-pivaloyl-1,3-oxazolidin-5-one",509536,
"1-BENZYLOXYMETHYL-1-HYDROXYMETHYL-2,5-CYCLOHEXADIENE",19354,
(E)-1-(Hex-2-enyloxy)butan-2-one,30760,
1-Deuterio-2-cyclohexenyl acetate,11714,
Tetrahydrofurfuryl acrylate,20778,
"2,2-Dimethylpropanoic anhydride",21841,
3-Ethoxy-2-butanone,193378,
"Ethanamine, N-methyl- ",85026,
"Heptan-2,3,6-trione",33420,
"1-(Methoxyphenyl)-4-phenyl-1,2,4-triazoline-3,5-dione",15410,
"p-Toluic acid, 3,4-dichlorophenyl ester",354542,
"5-Amino-1-methyl-1H-pyrazole-4-carboxamide, 3TMS",1882457,
"Benzene, isocyanato-",42758,
4-(1-Methoxy-2-methylpropyl)pyridine,15704,
"4,5,6,8-PTetramethoxy-2,3-dihydroindeno[1,2,3-ij]isoquinolin-9-ol",2159979,
9-Hydroxyinalool,64468,
"Pentane, 2-chloro-",324193,
"1,2,6,8-Tetramethoxy-7-methyldihydrodibenzo[b,f]cyclohepten-5-one",404065,
"Propanoic acid, butyl ester",31490,
2-Vinylfuran ,411398,
"1,3-Benzodioxole",736937,
"syn-(1RS,2'SR(E))-2-(3'-Amino-2'-methylpropylidene)cyclohexanol",78901,
2-[[4-Bromobut-2(E)-enyl]oxy]tetrahydropyran,17321,
"2,6-DIHYDROXYBENZOIC ACID 3TMS",20730,
"Methyl 5-[3,3-bis(trimethylsilyl)oxiran-2-yl]pentanoate",12591,
Methylenecyclopropanecarboxylic acid,144931,
"(E)-5,5-Difluoro-4-hydroxy-2-dodecen-6-one",22663,
"Ethyl 4-oxo-5,5-dimethylhexanoate ",3184,
2-Cyclopropyl-2-methyltetrahydrofuran,11250,
"Butanoic acid, 3-methyl-",250497,
"2,3-Dimethyl-2,3-butanediol cyclic carbonate",4923,
"1,3-Benzenediol, o-(4-ethylbenzoyl)-o'-(3-methylbenzoyl)-",205212,
(+-)-Methyl 1-(1-chloro-2-phenyl-2-oxoethyl)-1H-tetrazole-5-carboxylate,23296,
Pent-4-enal,30283,
2-Dodecanone,508484,
2-Nitro-1-phenylpent-4-ene-1-one,22964,
Phenylazomethane-amidoxime,12066,
"exo-Tetracyclo[4.4.1.1(2,5).0(7,10)]dodeca-3,8-diene",11008,
"3,3a,4,5,6,6a-hexahydro-3a-methoxy-4-methyl-3-(4-nitrophenyl)pyrrolo[2,3-d]-...",33856,
"1-Propanol, 3-(methylthio)-",95156,
2-Methyl-2-chloro-3-(chloromethyl)butyrolactone,37313,
"Carbonic acid, monoamide, N-propyl-, benzyl ester",82192,
"N-Perfluorobutylsulfonyl-2,3,5,6-tetramethylaniline",21263,
"Cyclohexene, 1-methoxy-",39497,
2-(trans-2-Methyl-2-butenoxy)cycloheptene,48125,
"1,3,5-Heptatriene, (E,E)-",9504,
"2,6-Diisopropylfuran",36868,
"spiro[2,3-dihydroxy-1-oxa-5-oxocyclopentane--4,3'-1',2',5',6'-tetramethylbic...",39474,
"7-Methoxy-2,3-bis(methoxycarbonyl)-1-(2-chloro-4-pyridyl)-6-(cyclopentyloxy)...",18272,
Ethylene glycol monoisobutyl ether,143501,
2-Undecanol,227478,
N-[(5-Methyl-5-hexenyl)-2-oxy]pyridine-2(1H)-thione,7522,
Bis(1-norbornyl)mercury,37783,
"Cyclooctasiloxane, hexadecamethyl- ",287504,
"1-D1-1,2,4-TRIAZOLE",65967,
"Propanoic acid, hexyl ester",285676,
"[1R-(1.alpha.,2.alpha.,6.alpha.)]3,7,7-Trimethylbicyclo[3.1.1]hept-3-ene-2-t...",56716,
rac-r-3-Acetoxy-1-(4-methoxybenzyl)-C-5-(2-thiazolyl)-2-pyrrolidinone,6171,
.gamma.-1-Acetoxyethyl-1-methyl-c-2-isopropenylcyclobutane,19884,
1-METHOXY-BUT-2-YNE ,28759,
Guanidine carbonate,42386,
"3,7-Dioxo-4,8-dioxy-10-ethyl-1-tetradecene",107879,
"1,6-Di-O-(Ethoxyethoxy)pseudo-D-arabinopyranose [2,3-Dibenzyloxy-1-(ethoxyet...",135628,
"(R)-2-[3,3,3-D3]methylpropanoic acid",13171,
Formamide,38400,
"(4E)-2,2,4-Trimethylhex-4-en-3-one",5311,
dispiro[3.0.3.3]undecane-9-one,47885,
"(2R)-1,2-Dibenzyloxy-5-(1,3-dioxolan-2-yl)pentan-3-one",51082,
"2,5-Hexanediol, 2,5-dimethyl-",71511,
"5-hydroxy-1,2-pentadiene",10983,
1-Chlorooct-2-yl acetate ,15416,
"4,5-Dimethylocta-1,7-diene-4,5-diol",15454,
(tert-Butylsulfonyl)benzene,8974,
"2-Methoxymethyl-5-trimethylstannylpyrrolo[1,2-c]pyrimidin-1(2H)-one",34917,
"1,3-Bis(5-t-butylsilicyl)benzene",28278,
S-Cyclopropyl Cyclopropanethiosulfonate,8949,
"3-Buten-2-ol, 4-phenyl-",70497,
3-Butylisobenzofuran-1(3H)-one,55457,
"5-Decen-1-ol, acetate, (E)-",1544404,
2-Azabicyclo[3.2.1]octan-3-one,1016063,
2-Methyl-7-nitrobenzo[b]furan,10078,
2-OXOPROPIONAMIDE,53228,
"Cyclotrisiloxane, hexamethyl-",325105,
6-Methylbenzimidazole-2-sulfonic acid,46252,
(S)-.alpha.-Isopropyl-.beta.-nitropropanenitrile,68214,
2-Methylpropanoic acid,55496,
"2- and 4-(Trimethoxyacetoxy)-2,5,5-trimethyl-3-hexanone",45296,
"(2,2-Diiodo-1-methoxyethynyl)benzene",35996,
4-hydroxy-6-methyl-5-(3-methyl-2-buten-1-yl)-2-pyrrone,50340,
(E)-Oct-2-en-4-one,84639,
"Benzene, [(cyclohexyloxy)methyl]-",5823,
4-amino-2-methylbutanoic acid ,4557,
"1-Acetyl-4,5-dihydro-1H-pyrazole",14103,
(+-)-2-Octylvinyl carbonate,15352,
(-)-Menthol Benzylsulfonate,36707,
"Cyclopentane, 1-ethyl-2-methyl-",208753,
"2-(2',2'-Dimethyl-1',3'-dioxan-4'-yl)-ethanol",12135,
"PENTAN-1,3-DIOLDIISOBUTYRATE, 2,2,4-TRIMETHYL- ",133281,
"6,7-Dimethylquinoxaline",8427,
4-(2-Naphthyl)-5-phenyl-4H-dibenzophosphole oxide,17660,
3-Cyanooct-1-en-4-ol,6503,
Phenylethyl Alcohol,233783,
"Propane, 2-isocyano-2-methyl-",5876,
cis-3-[(1Z)-Butenyl]-2-vinyltetrahydrofuran,7084,
4-n-Propylindan ,10994,
"Methane, dimethoxy-",52937,
Cyclododecane,2302538,
N-(2'-Phenyl-4'-penten-1'-oxy)-4-(p-methoxyphenyl)thiazole-2(3H)-thione,18900,
3-Pentadecanone,67637,
1H-Pyrrole-2-carboxaldehyde,37723,
"Butanoic acid, 2-methylcyclohexyl ester, cis-",92951,
"1,3-dihydro-1-(p-nitrostyryl)isobenzofuran",78995,
P-HYDROXYPHENYL ETHANEDIOL 3TMS,422487,
3-Hexadecanone,200023,
2-Pentadecanol,410971,
Methyl threo-16-acetoxy-9(10)-iodo-10(9)-nitratohexadecanoate,11679,
"(S)-3,9-dimethyl 6-(1-methylethyl) (E)-5,8-decadien 1-ol",31480,
"2,7-Epoxymegastigma-4,8(Z)-diene",60380,
"diethyl 2,6-dimethyl-4-(3-pyridazinyl)-1,4-dihydropyridine-3,5-dicarboxylate",17836,
"Cyclononasiloxane, octadecamethyl- ",171692,
10-Undecen-1-ol,124372,
5-Acetyl-2-methylpyridine,89059,
"Propanoic acid, 3-(trimethylsilyl)-, methyl ester",22557,
2-Heptadecanone,53000,
"2-[1-(Methoxycarbonyl)azoethylidene]-5,6-dihydroimidazo[2,1-b]thiazol-3(2H)-one",1919,
1-Dotriacontanol,11942,
3-(1-Benzimidazolyl)quinoline ,7392,
n-Decanoic acid,2052277,
4-Quinolinol ,13342,
"2,6-Octadien-1-ol, 3,7-dimethyl-, formate, (Z)-",74533,
"(R)-4-Methyl-6-(phenylmethoxy)hexane-1,4-diol",10689,
"2,6,10-Dodecatrien-1-ol, 3,7,11-trimethyl-",505943,
3-Quinolinecarbonitrile,224548,
(2-(Hydroxymethyl)-3-allyl)trimethylsilane,39327,
cis-2-[Bis(4-bromophenyl)methyl]-N-[3-(4-methoxyphenyl)methyl]-1-azabicyclo[...,50151,
"5,6-Dihydrobenzo[c]phenanthridin-6-one",58253,
"1,2-Benzenediol, o-(4-methoxybezoyl)-o'-(5-chlorovaleryl)-",36161,
"1,3-Benzenediol, o-(2-furoyl)-o'-(2-methoxybenzoyl)-",31739,
"4,7-Bis(trimethylsilyl)-4,7-dihydro[2.2]paracyclophane",25636,
"2-Methyl-2-(methylaminomethyl)propane-1,3-diol",23221,
"Benzonitrile, 4-(chloromethyl)-; 3-Cyanobenzylchloride; 4-(Chloromethyl)benzonitrile #",38326071,
N-formyl-2-aminobenzaldehyde,12362,
"10-Octadecenoic acid, methyl ester",54183,
"1-aza-3-oxa-2,4,4-triphenyl-cyclopent-1-ene",8266,
3-Methylene-4-methylpentan-1-ol ,19045,
"1-(but-2'-ynoyl)-3,5-dimethylpyrazole",5182,
"3,5-Bis(trifluoromethyl)phenyl 1-phenylpropyl Sulfone",24801,
"Phthalic acid, cyclobutyl isobutyl ester",39559,
2-Ethyl-1-butyl methylphosphonofluoridate,41200,
1-Methyl-1H-6-methoxybenzotriazole,8245,
"5-methoxy-1,2,3-trimethylbenzene ",101150,
"Benzoic acid, 2,5-bis(trimethylsiloxy)-, trimethylsilyl ester",30529,
4-Ethylbenzoic acid,52675,
Tetradecanoic acid,95175,
"2-Propenoic acid, 2-methyl-, methyl ester",6235,
4-Vinylbenzoic acid ,61502,
3-azido-2-hydroxy-N-(4-nitrophenyl)propane-1-sulfonamide,10879,
"(4aR*,7aR*)-3,4a,7,7a-Tetrahydro-3,3-dimethyl-6,7-diphenyl-7-oxacycxclopenta...",9370,
"1H-Indole, 2,3-dihydro-4-methyl-",56246,
"Carbamic acid, (cyanomethyl)-, 1,1-dimethylethyl ester",,216136
(3S)-3-Hydroxy-2-pyrrolidinone,,115355
"4,5-Dioxononanal",,23545
"1,4-Cyclohexanedione",,66106
"2,2-Dimethyl-4-(1'-aminoethyl)-1,3-dioxolane",,501698
(+)-Coronafacic acid,,3865241
2-Methyl-6-hepten-2-ol,,1490946
"1,5-dibromo-2,4-dimethyl-pentane ",,3188
TRI-TERT-BUTYLSILANE ,,48713
"Cyclopentane, 1,1,3-trimethyl-",,968438
"Furan, 3-methyl-",,62935
Methyl trans-2-(Cyanomethyl)cyclobutylcarbamate,,17583
"(1RS,6SR,8RS)-2-Aza-8-methyl-7-oxa-8-phenylbicyclo[4.2.0]octan-3-one",,18148
"N,N-Dimethyl-3-[naphthylthio]-3-(2'-thienyl)propylamine",,220169
2-Methylpent-4-en-1-ol,,109694
"(1RS,2SR)-9-Oxa-11-azabicyclo[6.3.0]undec-5-en-10-one",,80303
Pyrazolidine,,12632
1-Pentene,,13685
3-Methyl-1-(2-tetrahydropyranyloxy)-2-butene,,16581
tert-Butyl 2-hydroxypropylcarbamate,,226068
"Pentanoic acid, 2-fluoro-4-methyl-3-oxo-, ethyl ester",,16207
Cyclohexyl nitrate,,20520
(Z)-1-Amino-2-propananone -O-methyloxime,,27116
"(2R,4S,5R)-2-Iodomethyl-5-methyl-4-hydroxytetrahydrofuran",,147380
methyl mandelate (2S)-[3-13C]isobutyrate,,18844
Isobutyl acetate,,992744
"N,N'-Diallylsulfamide",,217853
ETILEFRIN-PROPIONYL,,49554
Amylene hydrate,,318095
4-Hydroxymethyl-1-azabicyclo[3.3.0]octane isomer,,48516
(-)-Asimilobine,,2925972
"2-Methoxy-6-phenyl-6,6a,7,8-tetrahydro-9aH-furo[3,2-c]quinoline isomer",,7874015
"8b,8c-cis-2,2,6,6-tetramethylperhydro-3a,4a,7a,8a-tetraazacyclopentano[def]f...",,334328
5-Methyl-2-(1'-methylenepropyl)cyclohexanol,,6559
2-Propanol,,141082
"2,5-Dimethyl-4-mercaptohexene",,29809
Ethylene glycol Formate Isobutyrate,,174043
Guanidine ,,62456
"Phenol, 2-(1-phenylethyl)- ",,12498
"(1S)-3-(3'-Acetoxy-1'-butynyl)-3-hydroxy-2,2,4-trimethylcyclohexyl acetate",,86236
piperidine hydrochloride ,,24271
"Acetic acid, trifluoro-, ethyl ester",,24028
"Bis(1,3-dimethyl-2-butenyl)ether (isomer B)",,4516
2-cyano-5-methoxypent-1-ene ,,6003543
"(1's,3s)-3-hydroxy-3-phenyl-n-(1-phenylethyl)propionamid",,28157
"3t-Bromo-1-vinyl-1c,2r-cyclohexanediol",,36217
"Acetic acid, butyl ester",,265600
"Diazene, dimethyl-",,444444
"3-(2-(2-METHYL-3-ALLYL-1,1-ETHYLENEDIOXYCYCLOPENTAN-2-YL)ETHYL)-1,5-HEXADIYNE",,41487
"1,1-Dimethoxy-octane ",,17217
1-(Pentachlorophenylsulfanyl)hex-5-en-2-one,,82868
5-Cyclohexyl-2-pyrrolidinone,,129842
1-methoxypentadecan-3-one,,13600
"(S)-6-Methoxycatrbonylmethyl-2,2-dimethyl-1,3-dioxan-5-one",,49270
"Carbonic acid, bis(2-ethylhexyl) ester",,66191
"(3S,4R)-4-Cyclohexyl-3-methylbutan-4-olide",,73525
Isobutane,,296179
N-Acetylcapramide ,,94731
(4S)-4-Hydroxy-1-pyrroline-N-Oxide,,46451
Benzadehyde O-benzyloxime,,517834
Ethylbenzene,,705418
3-Deuterio-2-nonanone,,112185
Methyl N-cyanomethanimidate,,258574
3-Hexen-2-one,,1554749
"3-Isoxazolamine, 5-methyl-",,796861
METHANAL-N-METHYL-N-FORMYLHYDRAZONE ,,180869
"2-Butanol, 3-methyl-",,125774
Germacranolide-valine dimer,,16877
"Ethanol, 2,2'-oxybis-, diacetate",,471992
"(1R,2S,5R)-5-Methyl-2-isopropylcyclohexyl (1R,4S)-2-Oxa-3-azabicyclo[2.2.2]o...",,1950
3-(4-Nitrophenyl)quinazolin-4(3H)-one,,140728
4-methoxymethoxybut-2-yne ,,2426
5-Methyl-3-methylene-1-decen-5-ol,,38265
"1,1'-Carbonyldiimidazole",,63528
"tert-Butyl (2E)-2,3,7-trideoxy-D-ribo-hept-2-enoate",,193129
Chlorine ,,24965
"5-(1-Ethoxyethoxy)ethyl-5-methyl-(5R)-1,3,2-dioxathiolane-2-dioxide",,14078
"Oxetane, 2,3,4-trimethyl-, (2.alpha.,3.alpha.,4.beta.)-",,968984
"exo-1-methyl-4-isopropyl-bicyclo[2.2.2]oct-5-ene-2,3-dicarboxylic anhydride",,13982
"rel-(2R,5R,.alpha.S)-.alpha.-(1-Methylethyl)-5-methyltetrahydrofuran-2-methanol",,45254
"2-Heptanone, 5-methyl-",,6868710
"4,6-Octadiyn-3-one, 2-methyl-",,94821
Pentadecannal,,29512
3-(4-Pivaloxybutyl)cyclohexanone,,7441
"1,4-Butanediamine, 2,3-dimethoxy-N,N,N',N'-tetramethyl-, [S-(R*,R*)]-",,391415
"Butanal, 2,2-dimethyl-",,671171
Valeric anhydride,,59730
"(2RS,4S)-[5-c(13)]-leucine",,21290
Ethyl (4'-ethoxy-6'-methyl-2H-pyran-2'-on-3'-yl)butenoate,,133527
"2,4-Bis(pyrazol-1'-yl)-3,5,6-trifluoropyridine",,59316
"(1R,2S,3R,5R)-2,5-Dimethylbicyclo[3.2.0]heptane-2.3-diol",,174621
"[1,3-13C2]-1,3-Cyclopentadiene",,131632
n-Heptyl methylphosphonofluoridate,,102452
3-Penten-2-one,,53024
Triformylmethane,,27005
"(anti,syn)-2-Hydroxy-5-ethylcyclopent-1-enecarboxylic acid methyl ester",,42454
"Cyclobutylamine, N-acetyl-",,8909739
Hexyl ethylphosphonofluoridate,,287806
"1,1,4,4-Tetramethoxybutane",,11752
"Methyl 2,2-dimethyl-3-phenyl-3-oxiranecarboxylate",,35155
Dihydro-5-(4-iodobutyl)-2(3H)-furanone,,35886
Neopentyl hydroxyacetate,,448682
(E)-trimethyl(pent-3-en-2-yl)stannane,,11723
Methyl vinyl ketone,,6526150
"2-(2-Pyridyl)-3-(trimethylsilyl)-5,6,7,8-tetrahydroquinoline",,1695042
(E/Z)-3-Isopropoxy-2-pentene,,22059
"methyl (2RS,4SR)-2-ethoxy-3,4-dihydro-4-{2-[(2-methoxyethoxy)methoxy]ethyl}-...",,13610
"Ethane, hexafluoro-",,186990
1-Acetyl-2-(isobutanoyl)ethylene,,154221
"(5R*,6R*)-5-Ethenyl-5-propyldodecan-6-ol",,135038
3-methoxy-3-methylbut-1-yne ,,11526
"(+)-(1R,4R,5S,6S)-5-exo,6-endo-dihydroxy-7-oxabicyclo[2.2.1]heptan-2-one",,16604
cis/trans-5-Phenyl-2-tetrahydrofurylmethyl 2'-pyridyl sulfide,,11420
Levulinamide,,50815
N-Allyl-2-(methylthio)allylamine,,15064
"2,3-Octanedione",,124353
"Pentane, 3-ethyl-2,4-dimethyl-",,2338190
Propanal,,1151736
"1-(FLUOROMETHYLPHENYLSILYL)-2,2,4,4,6,6-HEXAMETHYLCYCLOTRISILAZANE",,207863
Methyl (4'-methylphenyl)acetate,,42894
1-mercapto-2-methoxycarbonylaminobut-3-ene,,26819
Cyclooctylhydroperoxide,,117275
"1,1-Dimethylethyl hexanoate",,16666
(Z)-Pent-3-en-2-yl acetate,,66531
"Pyrazine, methyl-",,451638
"N-Methylsulfonylbicyclo[2.2.2]oct-5-ene-2,3-dicarboximide",,2566
2-[(2-Methyl-endo-2-norbornyl)oxy]-tetrahydropyran,,22464
2-(Formylamino)-2-methyl-N-(4'-nitrooxycyclohexyl)-propionylamide,,14807
"Ethyl 2-(1'-hydroxy-2',2'-dimethylpropyl )-5,6,6-trimethyl-3,4-heptadienoate",,47434
"Formamide, N-methyl-",,283801
"2-Propene-1,1-diol, diacetate",,47744
"2,2,4,4-Tetramethyl-3-thietanthione",,26468
1-Methyl-4-[(2-phenylpropenyl)sulfinyl]benzene,,848
Hexyl Heptanoate,,367849
"Methyl ester of 2S-(1,2,3,4,4a,5,6,7,8,8a.alpha.-Decahydro-1.alpha.,5.beta.-...",,124881
"Hexane, 3-ethyl-4-methyl-",,179106
i-Butylhydrazine.H2SO4,,73648
2-Octanone,,161473
Di(t-butyl) (trimethylsilyl) methylborane,,17066
"trans-Methyl 2-methyl-3-(2-hydroxyphenyl)-3,4-dihydro-1(2H)-isoquinoline-4-c...",,40521
Hex-5-en-2-one ethylene acetal,,259768
(R)-(+)-1-(3-tetrahydrofuryl)-1-oxo-2-hexyne,,12187
(S)-2-Mercapto-1-phenylethanol,,12636
"2,4-Bis(methylethyl)-2-methyl-2,5-dihydro-1H-imidazole",,40965
"1,5-Diazabicyclo[3.2.1]octane",,27362
"2,4-Dimethyl-6-(prop-1-enyl-1)-1,3-dioxan",,49489
"2-Thiophenecarboxylic acid, 4-nitrophenyl ester",,277373
8-Ethenyloxocan-2-one,,245673
"Methyl 1-(N,N-Dimethylaminomethyl)cyclobutane-1-carboxylate hydrochloride",,22058
Neopentyl 3-hydroxybutanoate,,1289541
"2H-Tetrazole, 2-methyl- ",,33965
"1H-pyrrole,-1-(4-hydroxy-1-oxobutyl)-",,39902
5-ETHYL-2-OXAZOLINDINONE ,,96020
1-(1-Hydroxybutyl)-2-methylcyclopropane ,,7153
2-((E)-1-Hydroxy-2-butenyl)cyclopentanone,,82517
"Pyrazine, 2,5-dimethyl-",,2285332
"Methyl (2S,3S)-2-Hydroxy-3-methylpentanoate",,102251
"Carbamic acid, (2-hydroxy-1-methylethyl)-, 1,1-dimethylethyl ester, (s)-",,27178
.epsilon.-Methyl-.epsilon.-caprolactone,,307576
"3-Hexanol, 5-methyl-",,544724
3-Acetoxybutyl trimethyl acetate,,63661
"Disulfide, diphenyl",,77473
"cis-3,4,5-Trimethoxy-7-phenyl-8-trimethylsilyl-7-trimethylsilyloxybicyclo[4....",,69806
6-Deutero-2-ethylpyridine ,,56668
6-[(4'-Nitrophenyl)sulfonyl]-6-azabicyclo[3.1.0]hexane,,40626
(S)-4-Methyl-.gamma.-butyrolactoneone,,34423
"2,7-Octanedione",,1997675
"(2E)-Penta-2,4-dienylcarbamic acid tert-butyl ester",,193686
"5-Octen-4-one, 7-methyl-",,671890
N-ETHYL-8-AMINO-p-MENTH-1-ENE,,59278
N-(2'-Hydroxy-1'-methyl-2'-phenylethyl)-trimethylacetamide,,5920
(R)-2-benzyloxy-1-tert-butyldiphenylsilanyloxy-3-(4-methoxy-benzyloxy)-propane,,22647
"1-Methyl-3,5-dioxo-4-oxa-9-thiatricyclo[5.3.0.0(2,6)]decane 9,9-dioxide",,3287
"6-Methoxy-endo-5-methyl-endo-tricyclo[5.2.1.0(2,6)]dec-8-en-3-one",,683488
Exomethylenecyclopent-2-yl(4-chloro-phenyl) sulfone,,3595662
"N,N-Diethyl-1-cyclopropyl-2-methylethylamine",,3157735
TRIDEUTEROMETHYL ETHYL ETHER ,,42347
"Ethyl (1R,2R)-2-formyl-1-methylcyclo[ropanecarboxylate",,62890
2-n-Propylaziridine,,82078
2'-Methyl-2'-propenyl 2-Propynaoate,,6387
Thiocarbonic acid O-but-3-enyl ester S-phenyl ester,,27947
(2R)-Cyclopentyl-1-phenyl-2-[(1S)phenylethylamino]ethanone,,2395
"4-fluor-1,2,3,5-dithiadiazolium",,29989
"1-Butanamine, N,N-dimethyl-",,9500
dipropylfluoroamine,,56628
"2,3-Dicyano-hexahydropyrrolo[1,2-b]isoxazol-4-ol",,3274
"Hetisan-6,11,12,15-tetrol, 15-(2-methylpropanoate), (11.beta.,15.alpha.)-",,79708
3-(Methoxymethoxy)cyclohexene ,,114064
1-Decyn-4-ol,,37524
N-iso-Propyl-4-bromo-3-pentanimine,,450941
"2,3-Dimethyl-1-hexene",,331015
"Thiophene, 3-methyl-",,42787
Hexanoylthiocholine,,453672
1H-Imidazol-2-amine,,970361
1-pentylethanoate,,446408
"Methyl 3,4-dimethyloctanoate",,92918
"Methyl trans-3-{1-(N-Benzyl-N-(2,2-bis(methylsulfanyl)ethyl)aminomethyl]-1(E...",,55885
"Pyrazine, trimethyl-",,182163
"TRANS-1,4-DIMETHOXY-2-PENTENE ",,32718
3-(2-Azido-1H-imidazol-4-yl)prop-2-ynyl]amine dihydrochloride,,41477
"Benzeneethanamine, N-(3-chloropropyl)-.alpha.-methyl- ",,261584
"Benzeneacetic acid, .alpha.-methoxy-, methyl ester, (.+/-.)-",,587480
"(trans)-1,2-Diaminocyclobutane-1,2-dicarbonitrile",,23902
"(R)-2-(1-(1-Naphthyl)ethoxy)-1,3-dimethyl-1,3,2-diazaphosphopholane",,11684
"(3SR,4SR,5RS)-5-Hydroxy-2,4-dimethylheptyl isobutanoate",,5350
1-Penten-3-one,,12551
"1,3-Diazetidine-2,4-dione, 1,3-bis(1-methylethyl)-",,19092
4-Hydroxyhex-2-en-1-al,,16627
"Benzene, 1,3-bis(1,1-dimethylethyl)-",,4218357
"2,3,4-Trimethyl-1-pentanol",,1444426
"2-Ethyl-3,5-dimethylpyridine",,79839
"(cis)-3-Hexene-2,5-dione ",,758431
3-Hydroxy-4-(3-methybut-2-enyl)oxybutanoic acid,,839433
3-Methy-2-hexen-5-ol,,528904
Isoflurophate,,516781
1-(Cyclobutylidenyl)propene ,,20556
3-Hydroxy-4-methylbenzaldehyde,,385974
Desoxyanisoin ,,256378
"endo-8-hydroxy-7,7-dimethyl-cis-bicyclo[3.3.0]octan-2-one-ethyleneacetal",,16607
n-Decyl prop-2-ynoate,,312693
"Formic acid, 2-ethylbutyl ester",,624470
2-(4-Methyl-3-oxocyclohex-4-enyl)propan-2-ol,,169606
"2-Octanol, 2,6-dimethyl-",,134950
"2-Benzyl-1.3-diethyl-4,6-diphenyl-1,3,2-diazaphosphorinane - 2-oxide",,16027
"2-Fluoro-1-iodo-2,4-dimethylhexane",,64695
cis-2-(1'-Chloro-1'-methylethyl)-5-methyltetrahydrofuran,,14742
"2-Hexanone, 3,4-dimethyl-",,149828
5-Methyl-4-octanone,,161744
"Methyl 2,6-Dideoxy-3,4-O-isopropylidene-.alpha.,L-lyxo-hexopyranoside",,50656
3-methylsulfinyl-3-methylbutan-1-ol,,26026
Butyl butenyl ether ,,83785
"3,3-(Ethylenedioxy)octanal ",,22705
"Acetic acid, octyl ester",,4333529
"2-Amidoxime-3-nitroimidazo[1,2-a]pyridine",,2636
"Ketone, isopropylidenecyclopropyl methyl",,739517
2-(1-Hydroxy-2-oxopropyl)cyclobutanone,,206478
"2,2-Difluoro-2-methylthio-1-(2-pyridyl)ethanol",,6350
Benzenesulphinic acid (-)-menthyl ester,,37459
"N,N'-bis( 9-Borabicyclo[3.3.1]non-9-yl)-N,N'-dimethylethylenediamine",,10477
4-Chloro-1-(2-furyl)-1-butanone,,103892
"3-Acetoxy-1,3-dimethylbutyl trimethyl acetate",,8393
"1,3-Dioxolane-2-propanal, 2-methyl-",,193346
"E-2,2,4-trimethyl-4-hexen-1-ol ",,441425
"Undecane, 5,6-dimethyl-",,224591
"2-Nitro-1-phenyl-1,3-propanediol",,1936373
"N-[(2E),(1S)-1-(Methylethyl)-5-oxohex-2-enyl](tert-butoxy)carboxamide",,31143
"2-Methyl[1,3,4]oxadiazole",,22985
"3,4-Di(p-methylphenyl)-1,2,4-oxadiazaspiro[4.6]undeca-6,8,10-triene",,2387
"2,3,4,5-Tetrahydro-7,8-dimethoxy-N-(trifluoroacetyl)-[(Z)-2-(trimethylsilyl)...",,95848
(Cyanomethyl)cyclohexane ,,12233
"rel-(2S,4R,6S)-2-(1',1'-Dimethylethyl)-4,6-dimethyl-1,3-dioxane",,351301
Neopentyl propanoate,,71748
(2E)-4-(2-Hydroxyethoxy)-2-pentene,,27108
"1'-(4-Methoxyphenyl)-1',3'-(1-chloro-1""-cyanoethano)spiro{naphthalene-1(2H)...""",,77166
"TRANS-2-METHOXY-3,4-EPOXY-4-METHYLTETRAHYDRO-4H-PYRAN-4-ONE",,31182
4-nitrophthalamide ,,7373390
N-[3'-Benzylthiazolidin-2'-ylidene]-4-chlorobenzene-sulfonamide,,7468938
"4,8-Dimethyl-3(E),7-nonadienyl Thioacetate",,54602
"(+-)-(2s*,3r*,4r*,5r*)-tetrahydro-5-isobuty-2,3-dimethyl-4-(phenylthio)-3-fu...",,63129
"1,7-Dioxaspiro[5.5]undeca-3,10-diene",,11574
"3-Octanol, 6-ethyl-",,293920
2-Methyl-4-penten-2-ol ,,347750
"(4S)-4-Methyl-2-nitro-1,3-hexanediol",,134087
tert-Butyl-N-(2-fluoro-2-(1-methylvinyl)-4-pentylidene)amine,,115812
"Propanenitrile, 3,3-dimethoxy- ",,187108
"Methane, sulfinylbis-",,143436
"(4R)-5,5-Dimethyl-4-hydroxyhept-6-en-3-one",,82420
"8-(3',5'-Dimethylisoxazol-4'-yl)-8-oxooctanoic acid",,206498
"1,2-Epoxy-p-menthan-4-ol",,34081
(S)-3-Ethyl-4-methylpentanol,,599553
"2,4-Dihydroxybenzaldehyde, 2TMS derivative",,6318573
"9,10-Anthracenedione, 1,4-dihydro-5-hydroxy-2,3-dimethyl-8-(methylamino)-",,954759
"1-tert-Butyl-4,4,4-trichloro-3-(1-methylcyclopentyl)-1,2,4-azaphosphavanada(...",,1116207
"Methyl 5-endo-4-hydroxy-2,5,7,7-tetramethylbicyclo[2.2.2]oct-2-en-5-carboxylate",,10571
3-Isopropylidenetetrahydrofuran-2-one,,26023
Ethyl vinyl sulfone,,27402
Betazole,,61943
"2-ACETOXY-1-ACETYL-6-(1-ADAMANTYL)THIO-3-HYDROXY-3,5-DIMETHYL-1,2,3,6-TETRAH...",,55158
"(E)-1,3-butadienyl-thiocyanate",,60788
"2-Methylbenzoic acid, 2-fluorophenyl ester",,100994
"2,6-Octadiene",,60677
N-(1-Aza-2-methylprop-1-enyl)(4'-sulfanylbutylthio)carboxamide,,5308
2-(1'-BROMO-1'-METHYLETHYL)PYRIMIDINE ,,30319
trans-O-(2-acetoxycyclohexyl)-N-isopropylhydroxylamine,,12807
(E)-3-Hexenyl (t-Butyl) Carbonate,,13181
"(E/Z)-2-(3-Ethoxy-1-methyl-2-propenyl)-2-methyl-1,3-cyclopentanedione",,21390
N-Benzyl-3-[1'-(2'-hydroxy-2'-phenyl)ethyl]pyrrolidine,,310560
"1,5-Dimethyl-2-pyrrolecarbonitrile",,335314
"1,1'-Ethylenedi-2-imidazoline",,8062
Butanoic acid,,68645
"3-Formyl-N-methyl-9-[phenylethynyl]dibenzo[2,3-a : 5,6-a'] (1,4)-thiazine",,1916905
(S)-(+)-5-sec-Butyl-2-pyrimidinol,,25028
"2,4-Pentadienyl 3-butenoate",,86099
"Cyclobutane, 1,1,2,3,3-pentamethyl-",,127426
2-(Allylamino)ethanol,,215196
"Decanoic acid, ethyl ester",,695445
(E)-1-(2-Tetrahydropyranyloxy)-6-nonene,,8551
(E)-1-[2-(Trimethylsilyl)ethynyl]-2-t-butoxycyclopropane,,32808
Trimethylaminophosphanylborane [H2PBH3.NMe3],,16565
"(2S*,3R*,4S*,5S*)-3-[(S)-(2'-Methoxy-2'-phenylacetoxy)]-4-ethyltricyclo[4.2....",,436031
"Benzaldehyde, 2-hydroxy-",,847673
"3H-1,2,4-Triazol-3-one, 1,2-dihydro-",,14463
"Pyrazine, 2,5-dimethyl-3-(3-methylbutyl)-",,56281
"4'-(n-decyloxy)phenyl 4-[(S,S)-2,3-epoxy-(S)-1-hydroxynonyl]-benzoate",,11224
1H-Imidazole-4-methanol,,142440
(E)-3-Propyl-2-hepten-1-ol,,17997
2-Methyl-2-(phenylthio)thiolane 1-oxide,,7483
1-Heptanol,,194384
"(3S,5aS/R)-3-Pivaloyloxymethyltetrahydropyrrolo[1,2-b]oxaziridine",,49052
1-Isopropyl-2-((phenylthio)methyl)cyclopentene,,8585
"Acetic acid, pentyl ester",,2347978
"Acetic acid, decyl ester",,3543917
"1-Methyl-2,3-dihydro-1H-pyrrolo[3,2-c]pyridine",,147602
"Cyclobutanone, 2,2,3-trimethyl-",,11542
"3-Hydroxy-3,7,7-trimethyl-1,8-nonadien-5-one",,33706
"Pentanal, 2,3-dimethyl-",,159941
"1-Methylamino-4,4-dimethylazetidin-2-one",,11062
"4-methyl-1-(2-methylpen-4-en-2-yl)-1,2-diazetidin-3-one",,6713
"Hexane, 3,3-dimethyl-",,68601
"8,16,17-trioxadispiro[6.1.6.2]heptadecane",,28856
2-Methylthioacetic acid,,42045
Dimethyl tetrasulphide ,,143252
2-Cumyladamantane,,4865
"1,2-Benzenediol, O-(4-ethylbenzoyl)-O'-propargyloxycarbonyl-",,77636
"Acetic acid, phenylmethyl ester",,1833842
2-(Triethylsiloxy)octadecane,,833589
Ethyl 2-(n-butyl)cycloprop-2-en-1-carboxylate isomer,,31698
"(E)-6-Butyl-1,6-nonadiene",,61639
"Methyl 2-chloro-4-[(5,6,7,8-tetrahydro-5,5,8,8-tetramethyl-2-quinoxalinyl)ca...",,46911
1-Heptadecanol,,43126
"(Z)-8-(Trimethylsilyl)-3,3-dimethyl-5-octenol",,38090
"1,9-Decadiene",,180026
"Alanine, N-methyl-n-propargyloxycarbonyl-, heptyl ester",,89836
"METHYL ESTER OF 1-BROMO-2,2,3,3-TETRAMETHYL-1-CYCLOPROPANCARBOXYLIC ACID",,14799
1-Ethyl-1-(2-oxopropyl)cyclopentane,,22102
"3,4,4,4-Tetradeiterio-2-(1-hydroxy-1-phenylmethyl)butanenitrile",,5518
"3,4,4-trimethyl-1,2,6-oxadiazine N-oxide",,154454
"2,3-Dihydro-2-methyl-5-ethylfuran",,185164
"1-Pentanone, 1-(4-methylphenyl)-",,37764
"4-Hexen-1-ol, 5-methyl-2-(1-methylethenyl)-, acetate",,704215
2-Octyl ethynyl ether,,59767
2-Methoxymethyl-3-phenyloxirane,,10443
"Phenol, 2-methyl-",,98811
"2,,5,5-Tetramethyl-3-oxacyclohexanone",,77888
Cyclopentanodec-5-ene,,98205
"1H-1,2,4-Triazol-5-amine, 1-propyl-",,113016
"3,3'''-Bis(acetylthio)[5]staffane ",,34410
"Oxalic acid, hexyl 2-phenylethyl ester",,71836
1-n-Hexylcyclooctanol ,,163308
p-Fluorophenyl 3-phenylprop-2-en-telluroloate,,71090
N-(1-Cyclohexylethyl)-(S)-1-phenylethylamine,,12831
"5-[3-(4-Isopropylphenyl)-2-methylpropyl]-2,3-dimethylpyrazine",,1059902
p-Methylbenzyl acetate,,3527711
"Hexanal, 4,4-dimethyl- ",,856657
"3-Decen-1-ol, acetate, (Z)-",,1875786
1-(1-Propynyl)cyclopentanol,,360731
"ethanoic acid 2,2,2-trichloroethyl ester ",,19782
1-Methoxy-4-(phenylethynyl)benzene,,230049
"Benzofuran, 2-methyl-",,39137
6-(2-Cyclohexenyl)-4-iodo-1-hexene,,53476
"2-[2-(1,3-Dioxolanyl)methyl]bicyclo[2.2.1]heptan-1-one",,102155
O-Propenylcarbonyl-N-isopropylidene oxime,,26676
"2-[2-(2-Hydroxyethoxy)propyl]-1,3-dioxolane",,13059
"3-Methylbenzoic acid, 2-formyl-4,6-dichlorophenyl ester",,7728
"5,12-Dicyano-7,14-dimethyl-7,14-diaza-2,9-dioxatricyclo[8.4.0.0(3,8)]tetrade...",,12591
"2,2,4-Trimethyl-1,3-pentanediol diisobutyrate",,123723
"1,1-Dibutoxy-isobutane ",,56422
Benzeneethanol,,103484
exo-5-Methyl-3-oxabicyclo[4.1.0]heptan-2-one,,10492
9-Decen-1-yl acetate,,101002
"6,9a-Dihydro-6,9a-epoxycyclohepta[b]pyran-7(2H)-one",,8694
"(E,E)-1,4-Bis[(trimethylsilyloxy]buta-1,3-diene",,8427
"4-{(2E,4E,6E,8E)-[3,7-Dimethyl-9-(2,6,6-trimethyl-1-cyclohexenyl)nona-2,4,6,...",,18095
"Ethanol, 2,2'-oxybis-",,61192
"Dimethyl N-(3-Bromo-4,5,6,7-tetrahydroisobenzofuroyl)-L-glutamate",,28727
"Formic acid, decyl ester",,431858
L-Valine diallylamide,,5694
"1,1,1,3,5,7,9,11,11,11-Decamethyl-5-(trimethylsiloxy)hexasiloxane",,438067
18-HYDROXY-5-epi-HYRTIOPHENOL - DIACETATE,,43039
"2-(3'-cyanobutyl)-1H-isoindole-1,3(2H)-dione",,14527
"3,4-EPOXY-4-METHYL-1-PENTYNE ",,57082
"(2S,3S)-3-Azido-3-[(1-benzyloxy)cyclopropyl]-1,2-propanediol",,69384
1-Methyl-5-nitro-4-phenylsulfonylimidazole,,82462
"3,4-Dihydroxyphenylglycol, 4TMS derivative",,46291
"2,3-Dihydro farnesyl acetate",,222039
"exo-(c-4a,c-8a)-1,4,4a,5,8,8a-Hexahydro-1,4,10,10-tetramethyl-r-l,c-4:t-5,t-...",,40172
"1,3-DIPHENYL-1,3,5,5-TETRAMETHYL-CYCLOTRISILOXANE",,23487
"(+-)-(1S,2E,4E)-1-Methylpenta-2,4-dien-1-yl acrylate",,1426
"5,6-bis[(Triisopropylsilyloxy)methyl]dec-5-ene-1,3,7,9-tetrayne",,28744
"Acetophenone, 4'-amino-",,143413
"Benzoic acid, 2,4-bis[(trimethylsilyl)oxy]-, trimethylsilyl ester",,132994
"2-Methylthiolane, S,S-dioxide",,6134
"1,6,10-Dodecatrien-3-ol, 3,7,11-trimethyl-, (E)-",,3662778
"Oxazole, 2-phenyl-",,29641
"1,5,9-Undecatriene, 2,6,10-trimethyl-, (Z)-",,192631
1-Isoquinolinecarbonitrile,,250773
"7-Methoxy-2,3-dihydro-2-phenyl-4-quinolone",,13460
"4-Phenylimidazo[1,2-c]quinazoline",,58737
"p-Anisic acid, 4-nitrophenyl ester",,35657
"Benzonitrile, 4-(chloromethyl)-",,29739505
tert-butyl (alpha) trimethylacetate,,62158
Methyl p-(2-hydroxyethyl)benzyl sulfoxide,,14359
"2-Oxetanone, 4-methyl-, (.+/-.)- ",,16160
"Benzoic acid, 4-methyl-",,51524
Dibutyl phthalate,,39223
"trans-2,3-di(ethoxycarbonyl)-bicyclo[2.2.2]oct-5-ene",,39506
"(+-)-Ethyl 1,4,5,6-tetrahydro-5-hydroxy-5-methyl-6-oxo-2-pyridinecarboxylate",,43529
1-[(p-Methylphenyl)amino]acetone Oxime,,6116
"Phenol, 3-methyl-5-(1-methylethyl)-, methylcarbamate",,116769
"2,3,3a,4,7,7a-Hexahydro-5-methylind-5-en-1-one ethylene ketal",,30354
"4-Benzyl-3-ethoxy-1,4-dihydro-4-hydroxy-1-phenylisoquinoline",,6884
(4S)-4-tert-Butyl-3-[(E)-4'-ethoxy-2'-oxo-3'-butenoyl]oxazolidin-2-one,,7946
Benzamide,,51229
trans-2-Methyl-4-(bromomethyl)-.gamma.-thiobutyrolactone,,44258
3-Amino-6-chloro-1-(Cyclohexenyl)hept-2-en-1-one,,10051
"3-(3'-Oxo-2',3'-dihydro-1H-isoindol-1'-yl)-3-buten-2-one",,25731
"2-Propanone, 1,1,1,3,3-pentachloro-",,4487
"2,4-DIONE-1,3-BENZODIOXAN",,30636
(Z)-6-(Tetrahydropyran-2-yloxy)-1-trimethylsilylhex-2-ene,,17412
"Benzoic acid, 2-phenylethyl ester",,32792
"tert-Butyl (3,5-di-tert-butylphenyl) sulfide",,8467
